dep,2020-04-01,2020-04-23,2020-04-22,2020-04-03,2020-04-25,2020-04-02,2020-04-24,2020-04-05,2020-04-27,2020-04-04,2020-04-26,2020-04-07,2020-04-29,2020-04-06,2020-04-28,2020-03-31,2020-04-21,2020-03-30,2020-04-20,2020-03-29,2020-04-19,2020-03-22,2020-04-12,2020-05-03,2020-03-21,2020-04-11,2020-05-04,2020-03-24,2020-04-14,2020-05-01,2020-03-23,2020-04-13,2020-05-02,2020-03-26,2020-04-16,2020-03-25,2020-04-15,2020-03-28,2020-04-18,2020-05-05,2020-03-27,2020-04-17,2020-04-30,2020-03-20,2020-04-10,2020-03-19,2020-04-09,2020-04-08
01,0.058038146060960326,0.15189773322025027,0.14954665960649965,0.0726643791298605,0.15449519599833067,0.06826483155852639,0.15345807435463946,0.08408165890809169,0.15656203859960235,0.08041154285312549,0.15552984683171592,0.09162954582998079,0.16092168914081398,0.08711657329852647,0.15733457568188117,0.04557264506654467,0.146128035678238,0.03886526105955823,0.1429483181289131,0.03239583907358124,0.14188321770075432,0.002946878020175261,0.10893908068541439,0.16422625777103422,0.001844140698370266,0.10778710525692674,0.16447941690493154,0.012029067677357974,0.1163533490877381,0.1639729509794243,0.008056283798655547,0.11237678582679893,0.16422625777103422,0.021629090987929492,0.1305390601470931,0.01667779733712744,0.1261383184322182,0.028951772793422263,0.1410826746502943,0.1662474108402734,0.026524571766380456,0.1327228207854449,0.1629582437843988,3.69455132364582E-4,0.10576376624052444,3.69455132364582E-4,0.10081033703555425,0.09727946814042103
02,0.07397732284690825,0.19406463006758218,0.19057279632687515,0.09541220957926888,0.1992502974326009,0.0847338081479564,0.1978160342997545,0.10441158840430052,0.20139284978950026,0.10298416072024962,0.20082253522047266,0.11895073279838332,0.20761737236822472,0.10689835296831482,0.2055053833693959,0.06607207738747851,0.18631569278739868,0.05463742687221314,0.17237510443139742,0.05283578781132163,0.15592023590804813,0.019925259609422954,0.14029586788959975,0.21181078584833612,0.017103041097574313,0.13898181399176843,0.2134768792545087,0.03544122208469897,0.1432380321997778,0.21083593811712578,0.025728835708663193,0.14176944153221493,0.21167165578727007,0.04330384289340358,0.1498661428924438,0.03856191442425149,0.14777547850890424,0.05183163827286832,0.15465268453206107,0.21623957611482145,0.046572302210388494,0.15274439373459864,0.20999860916512922,0.01074044183338287,0.13484958032523045,0.008524648853822979,0.1293341250523389,0.12272424729764633
03,0.02411878391723231,0.04968033635322753,0.048942367642264444,0.026717801140721198,0.05139740234217108,0.0254202367398548,0.050171619756186586,0.029816229136099735,0.05213121465176504,0.028269778308356815,0.05213121465176504,0.03263716571550907,0.052375543480658406,0.031357192841151627,0.052375543480658406,0.021766295265800206,0.04770962630392475,0.020453829830826935,0.04647337587648517,0.016757684270863195,0.045233596325140034,0.0038409111669149695,0.040489889975258896,0.053838636886567724,0.003294284937540929,0.039484578225654245,0.05408200729467547,0.007377309200608304,0.042743368849175914,0.05335148654731944,0.006835118765763199,0.041242349560380503,0.053838636886567724,0.011958801389094444,0.044239218141662186,0.00899983094549307,0.04324255796379466,0.01596154384276838,0.045233596325140034,0.054568339352107725,0.013564328104512807,0.04473669182939444,0.052863789155357506,0.0019247017088194463,0.03746694634168699,8.25916854757741E-4,0.03594754718759788,0.03518584956720036
04,0.04208749471663349,0.10315410573588057,0.10113881450055506,0.05724765462430135,0.10582669559720745,0.05350693828581634,0.10516008843347921,0.058734965947467674,0.10649228114036122,0.05724765462430135,0.10582669559720745,0.0675534309946564,0.10848293924094753,0.06682535960552367,0.10782039985707033,0.03899090775171056,0.09843712938410465,0.03508886459371704,0.09775907384917441,0.02316786505202597,0.09091964931886899,0.0016964649771034936,0.07690893487605432,0.10980499347924277,0.0016964649771034936,0.07690893487605432,0.10980499347924277,0.0016964649771034936,0.08256757495410312,0.10980499347924277,0.0016964649771034936,0.07690893487605432,0.10980499347924277,0.016673620946756333,0.08536948455610599,0.015854969466076337,0.08536948455610599,0.02316786505202597,0.08676368954771123,0.11046451445929713,0.01993288188651571,0.08606714652445688,0.10980499347924277,8.49060841118001E-4,0.07476779094054485,8.49060841118001E-4,0.07045357186802674,0.06973035024893087
05,0.054131526164448635,0.08742959955475992,0.08680064291781683,0.06352930050482876,0.08993635677067532,0.059526558051154844,0.0880576466373193,0.06551692174034222,0.08993635677067532,0.06419285217234455,0.08993635677067532,0.07077319748366609,0.08993635677067532,0.06946508058533457,0.08993635677067532,0.0493552621979166,0.08617077408818727,0.044525885390991116,0.08237225586209403,0.038236716213803174,0.08237225586209403,0.009127365336292877,0.07532082523438671,0.09366957014722016,0.006863444578535023,0.07467407234955356,0.09366957014722016,0.01584916819865213,0.07661144871588126,0.09242872792624288,0.012874536830449939,0.07661144871588126,0.09366957014722016,0.026102802564205146,0.08046046488679783,0.021006245544824057,0.07918124604762482,0.032568844813436804,0.08237225586209403,0.09614066917196015,0.029706926833030403,0.08109866409334665,0.09180697480372257,0.0045876604264095105,0.07402635488138794,0.0030638185756326685,0.07272801465610712,0.07207738609711042
06,0.022380779877356802,0.06364019416632921,0.06277686338578757,0.02913936482626184,0.06497106608522352,0.026072541303564855,0.06450181214232184,0.03327915487528496,0.06614198747908843,0.032353243234531495,0.06536172409654588,0.03895956375931084,0.06808653483943561,0.0358779714206358,0.06723200647127343,0.01891817846223237,0.06104503607695699,0.01700191410138986,0.06009748410418869,0.016040601846337803,0.05859295253180154,0.0037061466994569446,0.04831901311998621,0.0693264913759679,0.003526090941528208,0.04783140698878286,0.07079435636065431,0.006755728082651833,0.05236124708485941,0.06886192244391288,0.0056818487424048665,0.050102232982883334,0.06886192244391288,0.010847840735612884,0.05484866800734502,0.009340026254143432,0.053406094126214984,0.014462941044924054,0.0581961553530763,0.07187277528063221,0.012526873278924237,0.05684432670646685,0.06839685602584603,0.003075624681970155,0.046936038046217814,0.0010880034464566127,0.043746590551702366,0.04160720454115092
07,0.08122498855761114,0.13964150735707143,0.1372585412582488,0.09196543039099404,0.1423068074627599,0.08562037700165002,0.140531759425358,0.09427990969701357,0.1472970659450897,0.09229682642531407,0.1443685687940367,0.10695382426627428,0.16249677345364905,0.10212291258682867,0.161650470200642,0.07609748529056055,0.13606213697020467,0.06459924617462771,0.13426132796885004,0.057120435596001655,0.13335811554921906,0.009322591360550093,0.11645736501101771,0.1736260046674388,0.00811789022217946,0.11583022485596874,0.17499731771681476,0.015296474849302907,0.1229882321699755,0.173076264743524,0.012120632675853438,0.11957955302237203,0.1736260046674388,0.03727611896339284,0.12637036558227752,0.03274036513051147,0.12514354419611037,0.05423714213813582,0.1330566268304794,0.18474498461036698,0.0417649907805999,0.1306371527070665,0.17031707832216642,0.005698416098766607,0.11520217777340938,0.002858554159699627,0.11204824610596262,0.1098267861120046
08,0.028144089381743585,0.09792418166783222,0.0971868394161778,0.035861272371437034,0.10049506560098691,0.033731329495487725,0.09939512120067345,0.04469468499927397,0.103050820243085,0.04051069809236363,0.10195733796527386,0.05335200453177246,0.10486719462603568,0.048013092600985324,0.10341470336609339,0.02510553488439884,0.09348123261811325,0.014969333451358613,0.09199009130119148,0.014969333451358613,0.09086836579966161,0.0018421850820060412,0.0717333553594005,0.1077576843768756,0.0013823708708120884,0.06263992065903766,0.1077576843768756,0.0023015129745358326,0.07524046310109317,0.10595338397564917,0.0023015129745358326,0.0717333553594005,0.10667600391258783,0.006868268848843199,0.07910431849771096,0.003218713910809375,0.0779487670880705,0.011836850655744732,0.0886161853924557,0.1084773108578561,0.006868268848843199,0.0844566069680248,0.10486719462603568,4.612793656204374E-4,0.06143965877511121,4.612793656204374E-4,0.05781884082436725,0.05335200453177246
09,0.019305155195386624,0.03869239988764436,0.037788560889399754,0.021189299069938092,0.03959436175266215,0.021189299069938092,0.03959436175266215,0.024933240203812733,0.03959436175266215,0.022128314531765694,0.03959436175266215,0.027720166228895837,0.03959436175266215,0.0258642040799247,0.03959436175266215,0.014558720170925007,0.037788560889399754,0.011685758325194709,0.037788560889399754,0.00975983728915624,0.03688283692837578,0.002951049736882136,0.03324093313867916,0.03959436175266215,0.0019695928629044983,0.03232566518789758,0.03959436175266215,0.003930293628432371,0.03324093313867916,0.03959436175266215,0.003930293628432371,0.03324093313867916,0.03959436175266215,0.008793664517135764,0.03506570255392645,0.008793664517135764,0.03506570255392645,0.00975983728915624,0.03688283692837578,0.03959436175266215,0.00975983728915624,0.03688283692837578,0.03959436175266215,9.859129816510751E-4,0.03232566518789758,0.0,0.03140846425162412,0.030489322147900354
10,0.04610203201619385,0.2049808243290609,0.19799728601048522,0.056985470323506274,0.21466633521501083,0.05395196917594671,0.21185384088335363,0.07281572329471114,0.2160657815878186,0.06956500091778738,0.21466633521501083,0.0779667931028493,0.22868817414666182,0.07378621416091864,0.22276692011036683,0.0342315081701165,0.1889210472751742,0.029605632182351,0.18718237673831095,0.027453879728225224,0.18418550815702922,0.00872030439486179,0.15970084286751188,0.24249059559236874,0.005328833505066964,0.15329047582916383,0.24336618960247455,0.013572807189273822,0.17095465888258324,0.23653370717499786,0.012457801488482386,0.1660179648912044,0.2394120395384349,0.02420612854196089,0.17838305583526606,0.01983766439770348,0.17378730414611696,0.027094215540461427,0.1831819387170348,0.24424002185281887,0.025652572782957,0.18167222289114074,0.23229229841548707,0.00305304935294147,0.1508619821840031,0.002291796779584843,0.13375287150626047,0.0871501757189002
11,0.059828290017684034,0.10805259083131612,0.10777919171501402,0.07128154940837367,0.11023360976241944,0.06919430792195808,0.10941701068403012,0.0760150511109593,0.11132002554323625,0.07365474920398825,0.11050546860190917,0.08186028715237907,0.11348473772296609,0.07806984465231859,0.11348473772296609,0.054605017865035264,0.10750562037878475,0.0499434938780316,0.10448490677747303,0.0439661484134492,0.10393342164698227,0.012438878393910552,0.09247084847831172,0.11831624656079531,0.010732414579893422,0.08762789491997124,0.11884977793244592,0.01886296995661813,0.097260391794228,0.11671170847245152,0.017181610977339556,0.09613818320624262,0.11697954349907373,0.02717348917030184,0.09921730619205683,0.022871870562991618,0.098379708088832,0.03822649022155954,0.10310487866390992,0.11911629802789434,0.03110674909861162,0.10116544234776577,0.11537005006250392,0.010047947169650436,0.08561793339952639,0.006609334733186636,0.0838876742108447,0.08301995267961777
12,0.03516441706325095,0.08178962915515299,0.08048739584990838,0.04565282867755547,0.08178962915515299,0.03948579084589352,0.08178962915515299,0.05173351849644388,0.08178962915515299,0.05033781997790747,0.08178962915515299,0.05635371613318902,0.08178962915515299,0.05451153105118301,0.08178962915515299,0.0332299172860513,0.07918124604762482,0.030311914268838884,0.07874498836965156,0.025404579774094757,0.07699556210920146,0.005717903421838304,0.0672456846746914,0.08222284064434425,0.004683868452626372,0.0663483817069278,0.08222284064434425,0.009317759880639924,0.06903474789227805,0.08222284064434425,0.0062339991235756,0.06858817255020065,0.08222284064434425,0.014915071455168433,0.07081647134269918,0.010851467708513973,0.07037172529061786,0.024416423530028666,0.07655710222147599,0.08222284064434425,0.01793801508874035,0.07303339541087572,0.08222284064434425,0.004165926254202633,0.06274051479458971,0.0020879582616647775,0.059558856008400475,0.05773024496199233
13,0.05851362209375038,0.12977988371364918,0.12749170939042542,0.06861394899807621,0.13409447875915526,0.06256676078165621,0.13238026260387292,0.07513305191931022,0.1369900005132507,0.07227669525463405,0.13512621075299314,0.0830468534884601,0.14069375475788568,0.08060750178565693,0.13871809225046405,0.05306288322896532,0.12370619518773746,0.04655677075823219,0.12018747112495652,0.04107288066520006,0.11737865809428352,0.010723865391773066,0.09981898906162089,0.14436618952195143,0.008660500614565553,0.09683967622242966,0.14537383378350624,0.018122442583661726,0.1045783330983296,0.14262881974634192,0.014141170183311479,0.10124879512748465,0.14370365013807423,0.02626687744395693,0.11044657112271379,0.021482246455010713,0.10753952156597323,0.036287771996076905,0.11650556907143717,0.14615943235144188,0.031858023347047446,0.11448402400057515,0.14161477890469518,0.005937371278726329,0.09518347391100662,0.004025325244107673,0.09067635282936146,0.08799253213965294
14,0.021699149515883153,0.04805882930934071,0.04781283979163235,0.025730658908820637,0.04953184761882292,0.024304403170788566,0.04940928673698704,0.029083305169578764,0.04977686566870872,0.027152246043614776,0.049654373922895095,0.03355599642077721,0.05185395675482538,0.031644766336531925,0.050633341893137646,0.018420449949153594,0.04744359407129941,0.01696994327182253,0.04608700080554408,0.016044364789857435,0.04571628419583536,0.0028747730248128434,0.04011722320798241,0.053192682573435214,0.0015082065042219769,0.038988696418171244,0.05331418054090918,0.005052374487916819,0.04124282508706819,0.05258468235947017,0.004373046206273844,0.040367609194683476,0.053071150606249666,0.008702497456752485,0.042739103851920646,0.007489195305779546,0.042365517177784154,0.013921320014902447,0.04460223189985288,0.05452729440762869,0.010851144916305934,0.043609558366175215,0.05185395675482538,5.490449301468485E-4,0.03773132877120051,4.118487571836774E-4,0.03609128956301446,0.03520561951875395
15,0.00816878907742713,0.027685000209208038,0.027168904507470705,0.014063067463419699,0.027685000209208038,0.012463454303626711,0.027685000209208038,0.015656810469977037,0.030768760966272377,0.014594965241974043,0.027685000209208038,0.01671606582899934,0.03230246879414644,0.01671606582899934,0.03230246879414644,0.007628957458009874,0.026652194771440187,0.006005424793796263,0.025098366702818602,0.00437580006028802,0.024579186148575002,0.0016460960271623838,0.019352956029940797,0.03281250347625868,0.0016460960271623838,0.018826857259483666,0.0333219398770816,0.002740037366028874,0.02040324549443873,0.03230246879414644,0.0016460960271623838,0.019878418262105253,0.03281250347625868,0.00328597644722763,0.021451001085632495,0.00328597644722763,0.02092743925983214,0.00437580006028802,0.021973932493669586,0.03433902343773121,0.0038312301056709396,0.021973932493669586,0.03230246879414644,0.0010980902990520788,0.018826857259483666,5.493922072351285E-4,0.018826857259483666,0.017772743921828413
16,0.025828586870787523,0.03273874827568626,0.03273874827568626,0.02860585920930191,0.03273874827568626,0.027219443085664846,0.03273874827568626,0.029987863500107546,0.03273874827568626,0.028951772793422263,0.03273874827568626,0.029987863500107546,0.03273874827568626,0.029987863500107546,0.03273874827568626,0.023733914890974716,0.03273874827568626,0.022331833021365557,0.03273874827568626,0.02022018632356119,0.03273874827568626,0.00257960993748148,0.031709207338611115,0.03308138693795878,0.0014759384873340444,0.03136548394757568,0.03342375548694973,0.00623838879646255,0.031709207338611115,0.03308138693795878,0.0033138357791459325,0.031709207338611115,0.03308138693795878,0.012388434253016811,0.031709207338611115,0.010588620314050718,0.031709207338611115,0.01667779733712744,0.032052658904081606,0.03342375548694973,0.015965839010626856,0.032052658904081606,0.03273874827568626,7.385962356796471E-4,0.03136548394757568,3.69455132364582E-4,0.03102148830036047,0.03102148830036047
17,0.026725373694562397,0.05523167042981767,0.054357662322592676,0.03062374743161793,0.05523167042981767,0.028586106969034724,0.05523167042981767,0.03338703023371204,0.055929612696388215,0.03209968591895195,0.05523167042981767,0.03759020761721312,0.055929612696388215,0.03448743913806977,0.055929612696388215,0.023355830638990983,0.05418264943209075,0.021661204453654694,0.05365718719992628,0.018442089565750698,0.05313108842946922,0.0019785659820878735,0.04641141434460601,0.05645233430240545,0.0015835732473533858,0.0449833999650122,0.05645233430240545,0.005321578274369838,0.049961041639962574,0.05627816366365506,0.002570382310649276,0.047657086730398285,0.05645233430240545,0.01270243137386099,0.05154895741959447,0.007276102193919829,0.05119658865226955,0.016346345511597662,0.05313108842946922,0.05645233430240545,0.01443230767611544,0.05207697509181393,0.05627816366365506,7.925083985740179E-4,0.04373002396691514,3.964349722132255E-4,0.042832535567532026,0.04157292773475009
18,0.021828437495672724,0.07972360575832868,0.07870612505418405,0.027977842634582493,0.08242529087477907,0.024144680222853578,0.0810765491637334,0.0329109042053219,0.0857789328823669,0.03026160503253549,0.08376985690821168,0.04150367748712578,0.09109146985346683,0.03816150593756789,0.08777875751458523,0.019888753691139162,0.07700500857486173,0.015983201454252874,0.07151622168478022,0.009660331163871943,0.07117085826148782,0.0,0.054979723718582375,0.09339542476303112,0.0,0.05426188143630203,0.09405145884835679,0.001219358260739779,0.058195411250278356,0.09273839819005729,0.0,0.05748286887238669,0.09273839819005729,0.004454341426249989,0.061033947380678966,0.0032440448271541973,0.05997166927608133,0.008863460331305032,0.06909289026895005,0.09731684627612412,0.0064640372008504705,0.06805016592193533,0.09208037612189539,0.0,0.05137858797843615,0.0,0.046652021220704866,0.042980871026612924
19,0.019562858500324347,0.05394331118236363,0.05328826659075481,0.02273934591361272,0.05590253773178731,0.020270755123077046,0.05557661315221043,0.025193984158489495,0.05850116616952706,0.024844169816658,0.0562282178984583,0.02867671719233899,0.05979467265635495,0.02693884179647077,0.05882490415090144,0.017788052262810633,0.05296037342160925,0.017076093936310117,0.051317183864293466,0.014575008148195581,0.048675080008012406,0.0018488511613627904,0.03760324214030947,0.06333207784897275,0.0014797100580478597,0.036582573087902095,0.06397215826241104,0.005523107272519336,0.04031335690613142,0.0620490799235453,0.0029543956240535825,0.03862151806261441,0.0620490799235453,0.007712831988270069,0.04367738985250269,0.006984149800705641,0.04166209861717714,0.012779658415277345,0.047015565256983284,0.06429184505042242,0.007712831988270069,0.04434708078227855,0.0620490799235453,3.704004334574276E-4,0.03350609399926444,3.704004334574276E-4,0.03213174322604363,0.03040766600388591
21,0.07335507011161126,0.15253631615923613,0.1513653947653712,0.08648509981265562,0.15568212495367958,0.08265628235166472,0.15405380950931416,0.0965776023665672,0.15776674246928693,0.09364136542844731,0.15579819991946564,0.10683079334804306,0.1597264023815059,0.10081336389862756,0.1583440315106938,0.06556800036422827,0.15030885948631903,0.060972248675079166,0.1483061416575332,0.05894621276250803,0.14712374375345802,0.01774205809543905,0.12626584071783992,0.16339135646791128,0.010991230738354079,0.12202148029484955,0.16373336552764173,0.027675528843419173,0.1305921343185716,0.16293492502085086,0.021078523790188597,0.1278777849708807,0.16339135646791128,0.04344195859967144,0.13984055907383763,0.039364046179232025,0.1356058669719833,0.0525164327336375,0.14534408896739118,0.16441657670457327,0.044792797890630245,0.14307933972748998,0.16167725945826503,0.010667130363683375,0.12051351182874863,0.004298343625305592,0.11122547739088605,0.11006649958308637
22,0.013920220714707448,0.040681939225638966,0.0395269000291068,0.01940611869273851,0.041833914654126704,0.01717948165446687,0.041066270650635756,0.022022964739807777,0.0422172284317934,0.02041446481997707,0.041833914654126704,0.0260183423379756,0.04260020419021199,0.024025248055551743,0.04240875852614494,0.011253941612932371,0.039141203305795964,0.010430243913376193,0.038562015202299425,0.009604980991597114,0.03798205364461798,0.0012649362784275342,0.0323354643616681,0.045271619795511225,0.0012649362784275342,0.030568041466930984,0.04603187291202444,0.0025261989710105392,0.03448592533931416,0.043556168656991925,0.0016857642976957875,0.03272725011841721,0.045271619795511225,0.0052464334797933014,0.03623750751966167,0.0037838093533875358,0.03545989857081713,0.008571192162815044,0.037788560889399754,0.04660119064516398,0.00732738850051264,0.03759498188824374,0.04336514403024681,8.437000844888446E-4,0.029780205456043575,8.437000844888446E-4,0.027606258117607498,0.026415865918959957
23,0.017801446147598654,0.04811336041643757,0.04811336041643757,0.018672649011271025,0.04892588540910959,0.018672649011271025,0.04892588540910959,0.021275820532900416,0.051354379054270295,0.021275820532900416,0.051354379054270295,0.025580062721217104,0.055371932976728024,0.023002639833406446,0.05296586321084961,0.016053779878078597,0.04811336041643757,0.014299052311528082,0.047299312414453426,0.012537206155241403,0.047299312414453426,0.0018133407634683186,0.044027775423066864,0.0585594297213119,9.076168024443303E-4,0.0415578475416202,0.0585594297213119,0.004519234139393219,0.04566662446935016,0.05696860566452358,0.004519234139393219,0.044847972988670146,0.05696860566452358,0.008991925390591739,0.04566662446935016,0.00720837265017452,0.04566662446935016,0.012537206155241403,0.047299312414453426,0.05935266187225027,0.012537206155241403,0.04566662446935016,0.05696860566452358,0.0,0.039903390371607804,0.0,0.039903390371607804,0.03907379225515532
24,0.022735909527532714,0.05256486347063909,0.05256486347063909,0.02574604890743578,0.05256486347063909,0.02407632565920156,0.05256486347063909,0.029066359284330434,0.05350387893246668,0.02840432488493537,0.053191099313687255,0.03137556440070101,0.054128763186897515,0.030057522472787822,0.05350387893246668,0.020717496218644427,0.05256486347063909,0.020380180099237772,0.05193772331559015,0.020042601783054403,0.04973557345177478,0.0017647097905827208,0.0359574627753813,0.054128763186897515,0.001059686126167385,0.0353058580291334,0.05444086846939445,0.012892158706687808,0.03855414902782441,0.054128763186897515,0.00979127259602845,0.03758221020686007,0.054128763186897515,0.01699253045826637,0.04209942979247407,0.014947183748859259,0.04081358286675535,0.020042601783054403,0.04942006709434365,0.05506440695684177,0.020042601783054403,0.049104331361132555,0.054128763186897515,7.06744634249057E-4,0.034653274161936934,3.535160813051624E-4,0.032689618298532265,0.03203308834447257
25,0.06033639592283347,0.12280137538920304,0.12164611672838074,0.07160764657698195,0.12543048357373104,0.06788297124319263,0.12461059569211984,0.07969119517496068,0.127880900918478,0.07585190091446803,0.12722880697929392,0.08529740624828798,0.1293445421978849,0.080963454454075,0.1288572096441457,0.05535985115194234,0.11965849549286733,0.04915553875065752,0.11732804806620506,0.04621647171207259,0.1164927054699403,0.013350708144430776,0.10411010641273431,0.13161155806393926,0.008016638611442353,0.09594676242647458,0.13225710925214804,0.018620057934498436,0.11161577523745325,0.1303175698235172,0.013562714241832636,0.1049695851850424,0.13161155806393926,0.02547912269010532,0.11380876038450653,0.022167041951691602,0.1126292984090055,0.03223154041216561,0.11565575303919336,0.1369088767079535,0.031011611290066323,0.11515280627550965,0.1303175698235172,0.005216813261126457,0.09366145933302546,0.002616239730601111,0.09171830404702334,0.08905445712300077
26,0.0762530826151235,0.13354616178330514,0.1330018193490963,0.0878894005474242,0.13625768660759147,0.07852309933041576,0.1349944148366232,0.0938908016464071,0.13823543347445597,0.0924978742789787,0.13715777912025406,0.10312936710416104,0.13948932643594306,0.09882938661143699,0.13913144056327725,0.06789699065075443,0.13227496649005455,0.06216434764460473,0.13026982576090337,0.051344294181979604,0.12935532872494807,0.008305096947061046,0.11747644851641695,0.14038275296354158,0.007093675012616214,0.11502333390600314,0.14073960958337625,0.015979191385260893,0.12047676775101626,0.1402042146334204,0.011198796593654945,0.11879163938669503,0.14038275296354158,0.03322276089816625,0.12549327315766245,0.02305254777250352,0.12289935642495,0.04738212748365394,0.12843890196180585,0.1414524443464537,0.04002291781211782,0.12696858491831856,0.14002560287605884,0.004416592116648133,0.1112220450258543,0.0036836054753052565,0.1095005495601015,0.10680903021203174
27,0.02434037924039166,0.0821268014014543,0.07749736935088988,0.03183683034367092,0.08327648964905122,0.02826771103972367,0.08298935279105225,0.03377133012087056,0.08442314241259498,0.03377133012087056,0.08356343678991845,0.03920607619368679,0.08556677567886288,0.03569725115690904,0.08442314241259498,0.020045305614112916,0.07720638476251447,0.014027271925113447,0.07311199568467142,0.012002585358698994,0.07193504514889718,0.003808106743427406,0.06089432976009015,0.08897971648023964,0.002081287442921389,0.05998671295764582,0.09124020034428382,0.0051846355722306855,0.06180005372111413,0.08869632692244961,0.004840912181195228,0.06089432976009015,0.08869632692244961,0.011325586808663062,0.06630055494779055,0.007241282581821394,0.06210154243985377,0.012002585358698994,0.07193504514889718,0.09320851797273826,0.011664218000793036,0.07016361720591618,0.08784504703818462,0.0010418905002753417,0.057557087141711226,3.475746339208951E-4,0.04987569691163906,0.04268677919747153
28,0.048541726947889136,0.15179736740985428,0.14818265562821373,0.06591582301731186,0.1524321463027474,0.06098502899619308,0.1524321463027474,0.07787781017028339,0.15601180593494057,0.07384252462866735,0.15390969882070085,0.08534437485563785,0.15852097698923384,0.08112909415148113,0.15643100913534883,0.046657583073337706,0.14539802055679196,0.04232002410158156,0.1432437776382299,0.03545465062842463,0.1425954155144697,0.00358923102344379,0.11097602499056632,0.16308380721317509,0.0029930820185063538,0.10653367392557585,0.16390828678097435,0.012142675563442154,0.12041007740956429,0.16163719089902703,0.009506141100294883,0.11491260549834656,0.16308380721317509,0.021675294986260547,0.1331942617529335,0.016501639709637604,0.12583882912096256,0.02763434575990729,0.14107879567769938,0.16739496722876596,0.02565706665445014,0.1395568610171249,0.1603933872367246,0.0020973213395095052,0.10488549554550265,0.0017983234055628863,0.09846898976556442,0.09292729289051953
29,0.012619613741075281,0.025889337589692012,0.025554104472388137,0.014802291303527403,0.026224312139197636,0.01342503492126983,0.02611268266116286,0.016289406747037525,0.026224312139197636,0.015603678475252295,0.026224312139197636,0.01686002104789186,0.026224312139197636,0.016631865286456694,0.026224312139197636,0.011119857099961897,0.025218612387799103,0.010310145486177808,0.02499480692966234,0.00938290844987699,0.02499480692966234,0.0021288987821217356,0.022637859906851705,0.02633591293176941,0.001420424755668808,0.021849359787952008,0.02633591293176941,0.0040125319085618375,0.02342493102798931,0.026224312139197636,0.002953993717046835,0.022975350778831033,0.02633591293176941,0.006355642431180988,0.02409842997181112,0.005185667365018734,0.023537253408520555,0.00868617918509262,0.024770886078141693,0.026447485053617027,0.006939450130203265,0.0242105783215378,0.026224312139197636,0.001420424755668808,0.020607388500631246,0.0013022333052446226,0.019475233318532785,0.018453764054449186
30,0.017502365557205413,0.054128763186897515,0.05334751728112748,0.01953574179721613,0.05537584080446747,0.01919750620231328,0.05537584080446747,0.023574154300221445,0.057704503123050185,0.01953574179721613,0.05584257323187495,0.029066359284330434,0.05955848451664325,0.026911047258195604,0.05832337673244798,0.014092104752600676,0.05256486347063909,0.010999805028982946,0.050365899370700865,0.01013691088080883,0.046093337670603245,0.002644382932949303,0.034979688669526214,0.06079008968632722,0.0017647097905827208,0.03448997486243696,0.06094379504340972,0.003872939570914537,0.036933040456835466,0.060636329910636104,0.003171332823971732,0.034979688669526214,0.06079008968632722,0.005098030600220877,0.04129622171832087,0.005098030600220877,0.03903930396403838,0.009099169689548764,0.045456775472499815,0.06354849722131208,0.007016218541256311,0.04513814414353121,0.060636329910636104,0.001059686126167385,0.03399970822684983,3.535160813051624E-4,0.031704450809378296,0.0303874081566349
31,0.02334754709315035,0.04342176019496212,0.04307379568479774,0.02589004943991461,0.04453337681696895,0.02472960925208361,0.04390844260774798,0.027119629109171848,0.044949500593841576,0.026830629276911384,0.044602758474102396,0.0292091462009344,0.0457805539143835,0.02805755260101111,0.045295966094389184,0.021741750540694355,0.0424467561378137,0.019762850650442056,0.0415394310565306,0.017258007000266477,0.04098013351380478,0.004131796848778327,0.036479632287128305,0.04688615701115835,0.0030643590314442513,0.03570138995116577,0.04716211856573562,0.0075451847258608306,0.038031945654162194,0.04640280194523393,0.005348521810345056,0.036762284091380236,0.04667907070894166,0.012354030889656645,0.03929790617394127,0.009655609825255462,0.03894662047825099,0.015406949377853267,0.04042011476192663,0.04764462974517167,0.014143708485086804,0.04013983435084116,0.04591890832202163,0.0016114841565792889,0.034708878460321516,6.146040040819633E-4,0.032930875150327506,0.0299273446148219
32,0.02780433998279888,0.08007762300547605,0.07708247677611654,0.03282514135784972,0.081567485467987,0.031157981990386677,0.081567485467987,0.037788560889399754,0.090400898095824,0.03614038250932661,0.08747634507850728,0.04188184738215981,0.090400898095824,0.03861031039077332,0.090400898095824,0.021018350639506807,0.07557712177879959,0.018446016474248917,0.07330926032297751,0.017585174801112855,0.06720308617502607,0.0026835995702218754,0.05075353805376744,0.09112896948495663,0.0026835995702218754,0.046743403542326194,0.09691001300805642,0.006236130478556004,0.05551732784983133,0.090400898095824,0.0035744603582981357,0.05314196468901833,0.090400898095824,0.008881587279234472,0.06100983352931639,0.008881587279234472,0.057879769660285754,0.014124642691606286,0.06566303320693374,0.10402975413100428,0.013255183978977422,0.06411749961174897,0.090400898095824,0.001790907617880952,0.046743403542326194,0.001790907617880952,0.04593691402197669,0.04512892405514314
33,0.03456106455853186,0.06311907580629922,0.06185613203905729,0.03985978511067999,0.06406387925775857,0.03774804834441674,0.06338172745137956,0.04151972272291211,0.06526814467269229,0.0406905469821337,0.06448313304381482,0.044765873825419404,0.06636478255713074,0.04328335756041325,0.06599954418955688,0.03168959255932189,0.06122328022302484,0.027945162334981316,0.06048378566991349,0.02284418533141778,0.05931917275822868,0.003811482618261999,0.05183391699126,0.06771869930469085,0.003269028819734206,0.051294286601374944,0.06813444133179958,0.0077092155567778636,0.054361236777482655,0.06704226853657164,0.005194682995949044,0.05301874890197338,0.06719846148265488,0.015577191572710872,0.05602017896334579,0.012872031009480787,0.05521825626014134,0.0211111643489979,0.05809827443124844,0.0688610336077158,0.019313081120869872,0.05730018327512752,0.06678182206285702,0.0012136223683732316,0.049617158520371546,8.498916252499197E-4,0.04825990233130437,0.046516401881433286
34,0.03381619872972865,0.058328348607135067,0.05803401143429411,0.03930730709004817,0.05898987879125556,0.03614486104831136,0.0586224864320618,0.041683229179067,0.059503706515069754,0.040151864821234166,0.059136748756099075,0.04518500909194912,0.06016345013711371,0.043285371377255494,0.060016927031168024,0.031240165670985438,0.05781312756995651,0.0282547721654713,0.05744473796274323,0.02635863170287988,0.05678084817959642,0.005766719819585935,0.04978554935895339,0.06089532506917158,0.004852502794412102,0.04941028407862431,0.061187730050359455,0.009815922325962212,0.051955716703190324,0.06082219305217579,0.007672068242201374,0.051358132182480684,0.06089532506917158,0.0165088094390107,0.053073976222165364,0.013501611902925223,0.05262701788229998,0.023339375065281984,0.05626378691036883,0.06155295964206655,0.01957575961511848,0.05366920603184402,0.06074904871820866,0.0032688535669820953,0.048658779336851594,0.002014512225482576,0.04715185734645717,0.04624518795263715
35,0.02093513770521792,0.04789700510199643,0.04714676612137762,0.023915893962984606,0.04892647208569718,0.022924579946854897,0.048365247176361405,0.025793179369547295,0.049113386003754846,0.025201228598343537,0.049113386003754846,0.029230236736100344,0.05004675082014248,0.027367781527354557,0.049673645572191734,0.019136814299655056,0.04630119520263811,0.017230470668979057,0.04535973703663622,0.01571952927981333,0.04507690115434832,0.004786235832970641,0.03698570143286267,0.05107114055228637,0.004372129025048793,0.035445648464770406,0.05135010072582364,0.006953842024948128,0.039285589324442975,0.050605808372438256,0.006026192369502903,0.037561816240190324,0.0507920010792144,0.00972496120145206,0.042617910149177894,0.008187633996522854,0.04147827822848117,0.012681784449531138,0.04451067619551812,0.05144304764579388,0.010746831042087245,0.04365995215874177,0.050326369554066205,0.003542728950759393,0.033996872023133395,0.00260775661568626,0.032543246382091426,0.03127948986309722
36,0.03558246691037538,0.11355421889067562,0.11138599430765736,0.03919086912069859,0.11871421402957553,0.038162952707330104,0.1152810381911816,0.05034023125816702,0.12042067784359266,0.0448013280048733,0.11914145900441968,0.05531502198777767,0.12381362074093201,0.05133975870029357,0.12127140188036904,0.03246550748846265,0.10657745066930319,0.03142152986578613,0.09679763249716843,0.028800553402057318,0.09454389375022042,0.0028001030713640596,0.0727667018155065,0.12843605363885247,0.0028001030713640596,0.07229128361597402,0.12885384538045544,0.011641008508771318,0.0830963548197803,0.12676085587461167,0.009996989579351682,0.08077018706301774,0.1275992624707161,0.015994874365838616,0.08862884341974131,0.015453022165912766,0.08725231459093806,0.028800553402057318,0.09273244385851868,0.12885384538045544,0.021911051675743268,0.09091340672000149,0.12550020337286766,0.0022415248825893856,0.06846908528687842,0.0016822273398635508,0.060233471860276104,0.05728909121349486
37,0.025443177111380715,0.060451631691555055,0.060029234690933825,0.031352036721901025,0.062277286203708586,0.028483402910910102,0.0614356299676046,0.03584322961036259,0.06339696321940003,0.03494869895033291,0.06311731447702461,0.040141009087546,0.0661835912073588,0.038811761208458494,0.06521030398286842,0.020534109151790648,0.0593243254598855,0.018058608430587996,0.05819408544161208,0.013378665710000067,0.05748618881885946,0.0019366564173167906,0.051206435237706065,0.06867635974571333,0.0016144794871831417,0.050487047162162,0.06922837060096951,0.003864714997593816,0.05249833846673061,0.06784702566446799,0.0027410546504373482,0.051781088952913314,0.0682618906683801,0.007218357005181595,0.05578251426308743,0.0054649175519257505,0.05507067263198844,0.012279384207038032,0.05720270677099826,0.07019270450180833,0.011492476070199278,0.05649319104072691,0.06715470209699691,0.001292063375936021,0.04745253668975577,3.2337639759409263E-4,0.045708963326488286,0.04366590756047027
38,0.030927251480060057,0.07271855482313383,0.07077060591081914,0.03571555226653449,0.07514126824588477,0.03316836325265459,0.07485125522548945,0.040660933541294075,0.07581721310125353,0.03803742379990744,0.07514126824588477,0.04575749056067514,0.0777427071970689,0.043892228644427746,0.07706975490451791,0.02770546755115245,0.06900995019438662,0.02576086214442147,0.06645411291084138,0.02239127223646255,0.0654670795725654,0.004571563074483443,0.05486424640184787,0.07956405301987854,0.00366109212906348,0.05364745041958575,0.08051959681988707,0.008757839028816543,0.05658222565024309,0.0789897159532732,0.006386798661400661,0.05597665574236123,0.07908549155888873,0.014129238376093775,0.061197086852898146,0.0120109964265384,0.059797747840949086,0.019435014505745248,0.06477481906544816,0.08137779236473698,0.017894180971916473,0.06318835344043985,0.07831869465802692,0.0021774937174949705,0.052834354966721425,0.0012619845892092919,0.04997647262248431,0.04709965928962243
39,0.042892840300633284,0.12643889175070816,0.12456288675195282,0.051875466242562784,0.12905175856915987,0.04470429019233508,0.12718703057810166,0.06328183554420778,0.12979541368562983,0.05849257467796839,0.12905175856915987,0.07312826329958715,0.13164899943538538,0.06457888324369827,0.1309085142058616,0.03787203892558246,0.1219227905857444,0.032792513396307454,0.12154432042505738,0.02671182357741905,0.1211655201551609,0.003988955546102948,0.0954046580107394,0.13533260491069066,0.0034923351581927628,0.09298518388732646,0.13752786391632046,0.011858606560664488,0.10179145667214005,0.13533260491069066,0.004980495889830268,0.09821044661008425,0.13533260491069066,0.021975740852205848,0.11158651511876283,0.01428891218591487,0.10730388131044717,0.02671182357741905,0.1211655201551609,0.1378926640065672,0.024823583725032145,0.11774136721152445,0.13533260491069066,0.0029951462293594778,0.08973810721434312,5.00627700281582E-4,0.08646657022295662,0.07901424182257007
40,0.009561484016969615,0.02911959559775484,0.02877174257002452,0.011738403271244192,0.029814466917039265,0.011013975276911865,0.029814466917039265,0.01246162489034006,0.029814466917039265,0.012100164626525403,0.029814466917039265,0.019628363130154754,0.029814466917039265,0.01570130036667159,0.029814466917039265,0.009197600893961216,0.02877174257002452,0.008833412627836977,0.028423610702161962,0.006641846251863122,0.02807519954677017,0.0,0.023872316920842174,0.032582887331481916,0.0,0.023872316920842174,0.032582887331481916,0.0014847689056911226,0.02527780190771852,0.032582887331481916,0.0014847689056911226,0.023872316920842174,0.032582887331481916,0.004070962318708434,0.02702828586526406,0.004070962318708434,0.0259788423858544,0.005908859610520315,0.02807519954677017,0.032582887331481916,0.005174633768855922,0.02807519954677017,0.032582887331481916,0.0,0.023872316920842174,0.0,0.02352023381935095,0.02104762740601552
41,0.034494765849475265,0.09186227780671379,0.08998356767335774,0.04401682898437387,0.09683279823642382,0.04016263724984155,0.09466519204444633,0.04575749056067514,0.0999107309063689,0.045409915926754224,0.09745013235871211,0.055718022031272615,0.10448711131239508,0.05196673109833262,0.10052370839966646,0.028390484955524774,0.08778141780954238,0.0269416279590294,0.08620158892335157,0.01851557446421439,0.08110716708366328,0.0026939044048712966,0.06777323037839537,0.11498144785772785,0.002310082478074039,0.0667813125922602,0.11527759139590141,0.007652964228525464,0.07302553302729388,0.11260500153457455,0.004225808927618824,0.069092273098984,0.11379485017446037,0.010676784847317763,0.0762762554042176,0.008410895453886385,0.07400330713314889,0.01777508923469052,0.08110716708366328,0.11822797286456817,0.01330546677953718,0.0795028265746493,0.11141188407563776,0.002310082478074039,0.06479065449167382,0.0011565771999421674,0.06345846178479185,0.05910039490602174
42,0.06733611684799366,0.12939506528397013,0.12726948181909362,0.07809794670343913,0.13227692378100828,0.07187100429167344,0.13035781114908834,0.08348762225314796,0.13418759330322083,0.08144741695424729,0.13313776545414432,0.09092253450763707,0.13571009961940225,0.0875395029362806,0.13504465976647584,0.06230367952020719,0.12561983036799668,0.057667240807866775,0.12347564320239056,0.05401384822739393,0.12239956667462748,0.012667020677775198,0.1074533400559761,0.1388335124290258,0.008740166174796936,0.10307215035586767,0.13939900011556564,0.021529207252000845,0.11018190075004622,0.1381728448294183,0.015682966700330758,0.10785865458087167,0.13845611116095424,0.033592026121071095,0.11608531486657994,0.02863689409859805,0.11429276458628157,0.045094832244941194,0.12063294261730056,0.14024585345228358,0.036943819355059276,0.11945118819587228,0.13703792829007813,0.005931667674244354,0.10029840916823946,0.004263523131147901,0.09719555375537589,0.09375661127467755
43,0.022492766623908096,0.0855074833833034,0.08313103706015007,0.027938536811028716,0.0872813230796743,0.023860624390589336,0.0872813230796743,0.033984497310367366,0.0872813230796743,0.03130778941087587,0.0872813230796743,0.03994744428404415,0.09022171672150359,0.03862940235613092,0.08963522847315165,0.02043286798630973,0.08193791960121331,0.01905415418744438,0.08074151531316913,0.016977841952605145,0.08074151531316913,0.004307088014910365,0.05545961046229172,0.09080741402120251,0.002876132908461673,0.05418788339865436,0.09139232250275076,0.007154930887736641,0.05736024580172591,0.09080741402120251,0.005733343752942519,0.056094080234601,0.09080741402120251,0.012795198240429358,0.05925259947943079,0.011391983830991265,0.058622730649801266,0.016283526086250655,0.07227310947194171,0.09255978149046827,0.01489155540134509,0.06363628684018491,0.09080741402120251,0.0014404473633072364,0.050350204683811385,0.0,0.04712602891116749,0.04322515404528003
44,0.025002896065276867,0.05917851407613683,0.05831689610014427,0.029801778947045644,0.06066274884321967,0.027282662360175444,0.05972592773883985,0.03471381720779543,0.06190870840508852,0.03330417278311624,0.060974574009660845,0.03850536646892396,0.06307355795966106,0.03603637470314479,0.062375023212133535,0.02109107283543123,0.05729641153395319,0.01920767177569603,0.05619473985303004,0.01783277713501644,0.05587946253834668,0.004283193774742958,0.04896493823405488,0.06462184652252173,0.0029492278998049593,0.04760087130345362,0.06485361446286349,0.007820533484598364,0.05080364748475773,0.064080573173133,0.004638227092617293,0.05000516503533257,0.06423529155093721,0.01001682865748651,0.05319032402756544,0.009402984764616899,0.05223722675717519,0.016194416181535876,0.055327175903226576,0.06547105829446935,0.013334068968789558,0.05453697466283747,0.06346114788445262,0.0015218002157540611,0.04607123858746101,0.001074765197484322,0.04315812884847769,0.04022534686319786
45,0.038707702993123566,0.10565449262373676,0.10407762741701228,0.04928971405866858,0.10709493998704403,0.04357720860566072,0.10644078339115069,0.05669348153254201,0.1085306255321984,0.05404264228382567,0.10722565315037942,0.063973143791273,0.11061045941153526,0.060494130672299556,0.1100914339755103,0.033628177463848594,0.10196619460100852,0.030832280584972605,0.1006413171796727,0.025501523264998625,0.09984444634710576,0.006475931420233801,0.08373003555869538,0.11499730965964892,0.004824619613644031,0.08123964941811684,0.11563871353033771,0.008285151723150551,0.08880474854303758,0.11422637250707986,0.008285151723150551,0.08661755106196888,0.11448350364656473,0.014639601907242802,0.09489783420277126,0.011718327561544548,0.0917942718001088,0.020104519459168455,0.09824630477587909,0.11755726096747773,0.015931665283178856,0.09650832238416454,0.11242217918630396,0.003830810296900584,0.07677672529485553,0.002002898931551014,0.07255066714861175,0.06856889548042214
46,0.020017113521887234,0.11457322113646624,0.11394335230683679,0.030836396794282166,0.12082217041346777,0.023912157405411364,0.12082217041346777,0.030836396794282166,0.12144214836586963,0.030836396794282166,0.12082217041346777,0.04287999648139144,0.12329678954132314,0.03765196881974,0.12329678954132314,0.010523959988057947,0.11204824610596262,0.010523959988057947,0.10567082634084686,0.010523959988057947,0.09460954499322083,0.004077912420439447,0.05962770967194588,0.1306371527070665,0.004077912420439447,0.05962770967194588,0.1306371527070665,0.004077912420439447,0.06459924617462771,0.12575738808897996,0.004077912420439447,0.05962770967194588,0.1306371527070665,0.006506406065600128,0.06811581989746482,0.004888920091980973,0.06671260548802678,0.007312895585949703,0.09196543039099404,0.1306371527070665,0.006506406065600128,0.0743747758444799,0.12391324739060967,8.186514806800671E-4,0.055320621657035496,8.186514806800671E-4,0.05169846152858008,0.046576142041355136
47,0.012433263690752662,0.023875631888626386,0.023875631888626386,0.013425937224430338,0.023875631888626386,0.01276440704030988,0.023875631888626386,0.014416346962452158,0.02452046419996941,0.013756324826445067,0.02419816772365398,0.015075367547033697,0.02548592102269897,0.014416346962452158,0.02452046419996941,0.011106159581212673,0.023552856339095193,0.011106159581212673,0.022906584669383716,0.010108163396569786,0.022906584669383716,0.001701116479322332,0.016390416188169384,0.025807263606285526,0.0010214692640836433,0.015404503206518202,0.025807263606285526,0.004409118905055016,0.017374096069422723,0.025807263606285526,0.003395595733502817,0.016390416188169384,0.025807263606285526,0.006093085659733647,0.01933479683495062,0.005420282299917373,0.018355552943400372,0.009441556232841484,0.021935370365476006,0.025807263606285526,0.006764848333349998,0.020961979262652763,0.025807263606285526,0.0,0.015404503206518202,0.0,0.015404503206518202,0.015075367547033697
48,0.02274312713855972,0.02421781270456548,0.02421781270456548,0.02421781270456548,0.02421781270456548,0.02421781270456548,0.02421781270456548,0.02421781270456548,0.02421781270456548,0.02421781270456548,0.02421781270456548,0.02421781270456548,0.02421781270456548,0.02421781270456548,0.02421781270456548,0.019778648174820782,0.02421781270456548,0.019778648174820782,0.02421781270456548,0.01828878571230972,0.02421781270456548,0.003102116631482368,0.02421781270456548,0.030066985050832096,0.0,0.02421781270456548,0.030066985050832096,0.012277693460394791,0.02421781270456548,0.028612060802657716,0.006182232250692644,0.02421781270456548,0.028612060802657716,0.013788284485633285,0.02421781270456548,0.013788284485633285,0.02421781270456548,0.01679379462535855,0.02421781270456548,0.030066985050832096,0.013788284485633285,0.02421781270456548,0.02421781270456548,0.0,0.02421781270456548,0.0,0.02421781270456548,0.02421781270456548
49,0.03740009404113945,0.07760236608469265,0.07576456601069499,0.041903187768879406,0.07828954104119867,0.03990757492077932,0.07794608947572813,0.044137345503702394,0.07977470052213624,0.04289756595235723,0.07828954104119867,0.04991736587548457,0.08159564441376198,0.04562042428783051,0.08079992075879824,0.03424524592464365,0.0742656057373605,0.02876471458261594,0.07380334440377277,0.025804628124335042,0.0728773430254401,0.005176720738139937,0.06315173978684627,0.08295635930832551,0.004092000893806527,0.06077529346369293,0.08374814527404821,0.01136182409155306,0.06645706846067821,0.08250326121620633,0.0089520458144187,0.06457139067856192,0.08261658006405165,0.01719670795285253,0.07090300985052855,0.013758304934681083,0.06774873881959621,0.022954236447830786,0.07252958284518478,0.08498947112913366,0.0204773889250752,0.07171705785251273,0.08227653477832222,0.0030045650032098927,0.057906285626711136,0.0017779361202621986,0.055500882180984784,0.052839459199703794
50,0.01766146653030621,0.04385464155718506,0.04298474746183516,0.021338055530341977,0.04385464155718506,0.019733376284107894,0.04385464155718506,0.025890450273712916,0.044288936075279575,0.023392540485073807,0.0440718431030493,0.02814887700588014,0.04580555591204983,0.026343076142617775,0.045156224395269284,0.015347691841154575,0.04276700141470506,0.014186165388146477,0.04233118152674811,0.011385761390132849,0.040802358538202035,0.003351793233988126,0.03374409072692254,0.047532375212555794,0.002874546502551724,0.03307645880158614,0.048822998694050414,0.00430471623156162,0.03640440215051366,0.046885622327722684,0.0038285160940444577,0.0339664068218224,0.04710131365666736,0.006204312401284783,0.0388287876906775,0.00573019174076463,0.037728471718511326,0.009273544128961439,0.039707037700599294,0.04925235560682962,0.007859670448604602,0.03904851675274046,0.04645391803581007,0.0014396515345767628,0.0326307999816649,0.0,0.03039562015381465,0.028374075082952657
51,0.08559300487926157,0.15977599332312475,0.1585343448357987,0.09616030192881021,0.1632562055460911,0.09314844813178291,0.16236075268885158,0.10315058757184677,0.16470739010281416,0.1022507614771676,0.1638149274575836,0.11418128415218369,0.1677059830180348,0.10685870371752111,0.16681966744122412,0.0789912243942309,0.15604034722183263,0.06491818966691063,0.15192811203987902,0.06026574527069016,0.14997260451339148,0.015200658552736303,0.13364426269818153,0.1718914555126521,0.010775494541927368,0.12979666737131504,0.17254864779226495,0.027753844000566043,0.1382878942707266,0.170023991855563,0.020358796532565955,0.13603181396650246,0.1711234721438192,0.04039970674391583,0.1438188837138855,0.03637498220907991,0.14288239929300264,0.056564753836891364,0.14870256790419717,0.17331411730261295,0.044975153970997536,0.147080767474115,0.16903207406942777,0.0066256443232305985,0.12786001095399818,0.0040520398620631426,0.12285754694763877,0.11866500661280134
52,0.05934474990488633,0.18491335534281575,0.18444103938337172,0.08146353456825418,0.18914124199090224,0.061231622454018315,0.1853851581941094,0.10365006595214094,0.18914124199090224,0.10079473362931402,0.18914124199090224,0.12529989628142396,0.19193713886977823,0.11433228105710846,0.19100717174376042,0.057449643704012204,0.18159630553155942,0.05042930082828536,0.1661014364093084,0.04914059222123728,0.1651144030710324,0.012114003086076306,0.14746797462291555,0.19471515142451737,0.010706240161685927,0.144369546627537,0.19930604493467438,0.022529238014615562,0.15054445371155323,0.19286511888503874,0.012114003086076306,0.14849589103628405,0.19332836637632492,0.03403888464011602,0.1566327938219733,0.022529238014615562,0.15410634992045866,0.04914059222123728,0.16313358101957373,0.20021842863558686,0.04590199047280611,0.15864342001460713,0.1924013767353657,0.00929389913842815,0.14020362037333442,0.0,0.13387883166858353,0.12907404960953284
53,0.03388207661279507,0.08060750178565693,0.08021178924629495,0.04043923915090251,0.0810028540950744,0.03782824241730924,0.0810028540950744,0.044756317262584874,0.0825806741117744,0.043896327908494306,0.0810028540950744,0.04604311666890102,0.08493670782074386,0.04561460703186426,0.08376028864026329,0.03255867950371944,0.07782991225992571,0.029009777370120622,0.0766340570337449,0.026776895937828685,0.075834986924412,0.0028478428728262407,0.05536491708079807,0.0884469652219883,0.0023744973416048834,0.053684858962776354,0.08883524819993387,0.00614689441061641,0.05787288063508951,0.08766935627314373,0.005677132891690489,0.05620251518402284,0.0884469652219883,0.013594785098840736,0.07222086496956542,0.009421074025565164,0.0636690798693773,0.023180233709396782,0.07503444387395194,0.0911576841189651,0.021823768842247383,0.07423242244213445,0.08766935627314373,0.0019006353394341628,0.05326382695510034,0.0014262557380321367,0.051575605268862026,0.04945605747027779
54,0.06297140921299103,0.13475405098857104,0.1324816254921092,0.08080300427427077,0.1394360492239083,0.07323601306935609,0.1364071823357511,0.0848311009617593,0.14115739306241193,0.0834598497669313,0.13978086423360864,0.09325674596829833,0.14492050388601965,0.08949993318973623,0.14312854061668098,0.05508436315210124,0.1308134550076145,0.05140343377530269,0.1287854799321454,0.04362418095807158,0.12763503030071296,0.010221929988563546,0.11276202150294669,0.14848240009492514,0.005082290336152429,0.11055560956712855,0.14924187766866226,0.01793320460245051,0.11786713716933833,0.14789077572138035,0.013115308324802713,0.11468347920798504,0.14839793165511722,0.026405858840427354,0.12291293894631312,0.023262038107517514,0.12120753318842974,0.04114403192504627,0.12674799060936567,0.14983166559000202,0.03273630859722511,0.12443317239245405,0.14628086359469966,0.002725830502156959,0.108708331231575,0.0016612377486860473,0.10095703591260366,0.09868966779412328
55,0.12737016274915894,0.22265119444629344,0.220239398185885,0.14002041094700005,0.22504967105393542,0.13162798589170033,0.22436574259463204,0.14825372827468378,0.22709501776334254,0.14743738502322398,0.22607354849925887,0.16465924746860672,0.23149383079917618,0.15753301586208837,0.22879214568272585,0.11522127316956396,0.21642216282307808,0.10946307737854274,0.2146759019986571,0.09125099673002063,0.2122192801971501,0.033126177032342774,0.18423747945167682,0.2381754161556915,0.033126177032342774,0.1797096071758341,0.23916884658940657,0.06291217352224045,0.18983173218199909,0.2361817118958286,0.05134371526662738,0.18461267989134464,0.2368472974389824,0.07994551282102087,0.19936093855321985,0.07078182453680203,0.1960859751186188,0.08985380148126988,0.20974868322693146,0.24081953075791832,0.08798385464442435,0.20440674033019465,0.23484747280676405,0.023994107491870868,0.17742784457902763,0.021271249156397522,0.17244251101525468,0.1685683151014872
56,0.028395371559465227,0.054921446253961816,0.05353170272595613,0.03253217620957442,0.05680941248719207,0.030802182114161466,0.05668380309169511,0.03465198264833121,0.057186022843416034,0.033593372783768595,0.05693498556364977,0.03715588737094738,0.05943885229687723,0.03597162657436646,0.05893923247542103,0.024759960155931616,0.052518179554403945,0.02299866363339533,0.05137513156683972,0.020821062170291442,0.05073880254178603,0.007521053031383715,0.04600076473848976,0.06130732419620044,0.005970754678681787,0.04509853518909338,0.061555847511653744,0.00948618978661466,0.04728642133726887,0.06056089980981796,0.008223908795575592,0.04625820071633205,0.0609342723634671,0.01519060425324283,0.048312213327374655,0.011442474544476703,0.04767137732220475,0.018906662739588836,0.0504840096439508,0.06180422869194605,0.01698378712944143,0.04907997041931626,0.060311806323262704,0.002568952832131216,0.04328843350752723,0.0017143225493120864,0.042380545653130194,0.04160084260365907
57,0.1299483285035173,0.234850056694544,0.23130218999248806,0.14850536896015815,0.2391195756504487,0.13869654464462286,0.23724113638156663,0.15975085086824686,0.24198416105295129,0.1547719122285494,0.24018042914041748,0.17370084056096077,0.24575394116476107,0.16534030359235874,0.24365679003885687,0.11805803129454974,0.2275968012380692,0.10803540613608643,0.22560329378591207,0.09812191786995042,0.22327671064006338,0.025869772707520878,0.19936699853827447,0.25156051218524106,0.01918264750203022,0.19579197232581702,0.25265200964252854,0.04980198321005826,0.20548583854117877,0.24845295510640736,0.03275704968803319,0.20121171947616115,0.2504662645914765,0.07018539137904439,0.21648459835013575,0.05850633753473078,0.2117858998367874,0.09062337273672416,0.2224984049086338,0.2541634418143245,0.07966857860136405,0.21982862009220136,0.24722820956290298,0.011969503173945323,0.1935772386941069,0.00388343405977411,0.185452802460374,0.17911470376136482
58,0.006740847906055515,0.05206813092099854,0.05077494540399663,0.012907885737717329,0.05464300693331978,0.009598058750536292,0.053357477187868305,0.02037980306315244,0.05464300693331978,0.016659913238023103,0.05464300693331978,0.022688657421416375,0.05592474268482798,0.02222786747696544,0.05464300693331978,0.0062628132051731535,0.04991067749308853,0.0053051623609010655,0.04904468621531495,0.003864714997593816,0.048176964684088,9.694077281801581E-4,0.03584322961036259,0.05635114869051445,4.8497434621324644E-4,0.03450074173485336,0.05635114869051445,0.0014533013513923702,0.03895965648722581,0.05635114869051445,0.0014533013513923702,0.0380715284028611,0.05635114869051445,0.0019366564173167906,0.04425061916936331,0.0014533013513923702,0.03984597206403654,0.003864714997593816,0.047307505971459156,0.05635114869051445,0.0029017556631510447,0.04600004542981352,0.05635114869051445,4.8497434621324644E-4,0.031352036721901025,4.8497434621324644E-4,0.025443177111380715,0.02498530202215428
59,0.03455847806235191,0.08705528277921627,0.08580278841706063,0.043350302534455834,0.08906393638130328,0.03996370956347166,0.08796945898381052,0.04914746012650384,0.0896101424814075,0.046543287994819584,0.08927643150128177,0.05618032181025979,0.09172777092706504,0.052859684665088794,0.09121443826223445,0.03120643717287673,0.08457735170698272,0.026673050686668594,0.08264024967005293,0.02297660551253671,0.08097297177824309,0.005702789156251189,0.0688330773481067,0.0944653408860523,0.00452394176004618,0.06759064225946258,0.09527427844609573,0.009657939525050811,0.07206581774750916,0.09338440826577825,0.007831328143323827,0.0701354058982046,0.09407531438305049,0.014335420612634611,0.0768702523946755,0.011948585076501345,0.0745531746805754,0.020138996711874885,0.07998192639197367,0.09587252150770727,0.01735436164045305,0.07861553576153621,0.09266228896641064,0.00341585862301954,0.06531960720291109,0.0027126075079033185,0.062003751679587674,0.05911806344209944
60,0.0896927367258757,0.20713216342227772,0.20424087186530748,0.11222868643108577,0.21214606414726553,0.10514968778970103,0.21060031897961548,0.11934113987793217,0.21439537956271673,0.11565127501476745,0.2127391196564708,0.13648751782438437,0.21792338013311746,0.12489037150084942,0.21710273975576977,0.078535934663066,0.20133020261631843,0.07186561295788908,0.19852238592555702,0.06608923790518348,0.19680434956618903,0.018555943257620795,0.16782369330900263,0.22049248646934563,0.0159531431953387,0.162134453466615,0.2213067525102956,0.03421116946578859,0.17304992342763678,0.2189762157563839,0.026817977117989545,0.16874283541272644,0.21967669087905028,0.05087300523275471,0.18546832728158816,0.04024806649976122,0.1801348192437177,0.062251067646482826,0.1928516990109336,0.22246734775445595,0.05600454758805448,0.1911110374346324,0.2182746090094411,0.010322625929937051,0.1570439601729925,0.008239674781644618,0.15080086948780547,0.14695631529720196
61,0.030844145549468238,0.07690953720911127,0.07629351656411988,0.03696107035915012,0.08089251275560097,0.0345924931026318,0.07813896331507246,0.042326939167348115,0.08180649656941039,0.040322499538843544,0.08089251275560097,0.048613978604384864,0.08362871385210795,0.0439902674430119,0.0833255414266002,0.024292536462819866,0.07536784413856859,0.018345600050495067,0.07474963124854991,0.016934406341217536,0.07382065874053802,7.342258416643991E-4,0.06283322280027719,0.08664885454825762,7.342258416643991E-4,0.0612406486580981,0.0899469299777825,0.004750428738919888,0.06600095735425594,0.08574501555001313,0.00292948484729424,0.06315103802258573,0.0863477838381737,0.01231609839147953,0.06977198957359956,0.009808824315535284,0.06851861357550248,0.015163941264305827,0.07288969486442608,0.09054389843178184,0.013029811751620029,0.07164529721675404,0.08544331739136864,7.342258416643991E-4,0.05964221298580803,7.342258416643991E-4,0.05481130130636236,0.052863789155357506
62,0.0317444456429757,0.10051217916521464,0.09724158976772217,0.041471654970589765,0.1033850032972647,0.03503540214759851,0.1018885097037366,0.04575749056067514,0.10667160533794483,0.0448324753400409,0.10382051101563419,0.05434372498262894,0.10901282115284737,0.04936748911153052,0.1077205518153892,0.02620348655781496,0.09572373944365234,0.023668106351445114,0.08972721625423875,0.020590918370309845,0.08844060745691226,0.005805323374321091,0.06961252692056,0.11377929218454205,0.005337501625059281,0.06691294102906822,0.11553818572415087,0.009993195472113565,0.0738972613583079,0.11323197707504956,0.007516371182489721,0.07149230192102467,0.11365772619861092,0.014370349573553062,0.081949760556965,0.012148889579595007,0.0778761667153062,0.01855250506507914,0.08740856899256645,0.11680743499163466,0.015591135990612287,0.08475272153947462,0.11189118473842403,0.004400343595007333,0.06508118778456623,0.0023628702568571605,0.06159998744336051,0.05809065699968211
63,0.015577171564155728,0.03047676066347051,0.030062027719105457,0.017289804011271215,0.031167103332917508,0.016434332004057667,0.03089109793315862,0.019846155628376078,0.03130504028243445,0.018001412366292963,0.031167103332917508,0.02182407796283121,0.03130504028243445,0.02083624280961686,0.03130504028243445,0.012131511319247645,0.02992369534593296,0.011843135158649837,0.029369924812625806,0.009529206371220728,0.028815447262805754,7.404852295237875E-4,0.025613389774767223,0.032956875485470286,5.924891531543915E-4,0.025054092232041334,0.033094245242080794,0.0032487327968945276,0.02631150032840581,0.03213174322604363,0.0011841711001282678,0.02617196796354186,0.03240696153810786,0.0045707870351896765,0.02756527837228926,0.00368986486316472,0.026869181922730356,0.007640018762866292,0.028815447262805754,0.033368854471529485,0.005888828963102889,0.027982401325984563,0.03199406863877458,2.963456149808625E-4,0.024494073480163213,2.963456149808625E-4,0.023512299649069566,0.02280967130958907
64,0.019878606014826966,0.03660948598663982,0.036181117237226515,0.023423886779476676,0.03703743262849655,0.022687669478397933,0.03675218172700802,0.025625079945314613,0.037464957993853416,0.025478680320836004,0.03717998785114635,0.027232227044630127,0.038176566348875125,0.027086368275197566,0.03789206291131563,0.018690385076891036,0.03589530315524034,0.01615456946014645,0.03589530315524034,0.014956101691927756,0.035609300851915486,0.0023228499762590646,0.033170646651570455,0.03831874820704577,0.0018592728300508544,0.03259485010464289,0.03846088353212512,0.00447969114101259,0.03360199363147933,0.038176566348875125,0.0034026095000751267,0.033458258901753225,0.038176566348875125,0.009369758083424185,0.03460680696132849,0.006472926154329979,0.03403291261696041,0.013603860385948196,0.035609300851915486,0.03860297235456162,0.011945382654122072,0.034893469996094995,0.038176566348875125,0.0010855429230937933,0.032018289141232066,9.306313887588857E-4,0.030573529053325433,0.02912394665979093
65,0.027167692293395183,0.08408094399122362,0.08324010252449242,0.03192974090332095,0.0857577587457389,0.030031182767598866,0.0857577587457389,0.0422259974994108,0.0857577587457389,0.03570213797233252,0.0857577587457389,0.04728401052214765,0.08742812419680555,0.04407209797062828,0.08701113474383605,0.02089792402921753,0.08239762993847209,0.019925259609422954,0.08239762993847209,0.01699412712035065,0.0785861473202101,0.003553569064542168,0.06781974365699861,0.0882609038995432,0.0025412271564980633,0.06343732017451108,0.08909208976455535,0.00456355668695469,0.0717264669898076,0.08784471365983074,0.00456355668695469,0.06956040523329991,0.0882609038995432,0.010574648938869646,0.07559836023061704,0.005067671058012708,0.07516985059358032,0.014536313645347795,0.07773458923972629,0.08909208976455535,0.011568458255613132,0.0764541131812003,0.08784471365983074,0.0010182759223049125,0.05901022289999174,0.0010182759223049125,0.054087718577092485,0.051379012403963524
66,0.059140031164322836,0.08236290483381406,0.08151673899009239,0.06379679475984427,0.08278537031645007,0.061585514616462424,0.08236290483381406,0.06774894573154126,0.08299644904814023,0.06621626888325721,0.08278537031645007,0.0716654555779272,0.08426077157689982,0.06971161557307837,0.08362907040093896,0.056232047976656256,0.08109303702292107,0.05194658336425165,0.08045670799786746,0.04944605863336418,0.08024439096508666,0.01727891153144917,0.07683312565507208,0.08468139580532785,0.006843416189184844,0.07640482731473479,0.0848915552490143,0.026749504761070554,0.07854210762189019,0.08447113461414586,0.022889083947832494,0.0781154921829649,0.08447113461414586,0.03695749737463021,0.07960681637261752,0.031527270019538645,0.07918124604762482,0.04555306858377624,0.0800319700844012,0.085101613043631,0.03999698663968862,0.07981944525417363,0.08426077157689982,0.006591870000916893,0.07533222987670835,0.0048269553087785045,0.07339485351038057,0.07274713604221494
67,0.12210192890964804,0.2171846742299553,0.21543724235836778,0.14031088937411038,0.2199660226464423,0.12863711594528343,0.21805576059921727,0.15215197356120905,0.22250003821692255,0.1466480505598886,0.22025472469915547,0.16156957010118198,0.2263304757756947,0.1557159182409131,0.22427653062459257,0.11014441307210153,0.21315501857990718,0.09937591844961413,0.20885065951391338,0.0941600265835223,0.20683123405028464,0.03240371290198397,0.1855407167955577,0.22967579872472066,0.025228093541822684,0.18303251183424968,0.2304094521075265,0.05137611391875056,0.19032860623710096,0.22888432197003827,0.040162326554146296,0.1867270585807965,0.22950631794914414,0.07199733641076096,0.19817271586168378,0.06139323467627461,0.19494193283238817,0.08715888923036988,0.2057583127422659,0.23170442591768645,0.08020244009745661,0.20210246235469953,0.22763765115026666,0.019217631535677564,0.18177295618946893,0.015256492033308887,0.17439460650595853,0.16747575108895058
68,0.21429713302802542,0.31754885859253107,0.31538697071776256,0.2369880360945744,0.3208061691065106,0.22819018437559224,0.3200460067195906,0.24404853987619912,0.32472402197519806,0.2395763603836166,0.3221160510672252,0.2618860522259592,0.32874245798904467,0.25204892762447945,0.326976202382404,0.20321576729305352,0.31405660367081295,0.18820526214175753,0.3104653357682917,0.17139299601084895,0.3077700486080657,0.04939864004933025,0.28445888694901006,0.3343332978199956,0.0430319053495836,0.28227630892580924,0.3372681818510542,0.0882393078292376,0.2913851053978354,0.3329255348956052,0.06671962115728478,0.2860325551568966,0.33373052953183496,0.12928872805280833,0.3010299956639812,0.11098724925544891,0.29696435397194765,0.16034516385207867,0.30648747168339,0.33958866777262603,0.14602479201154397,0.3046281478275279,0.3316479005985835,0.032029808665960835,0.27985514874898043,0.019499904678821643,0.273434627644584,0.26816663141316754
69,0.07707658624254893,0.14328380411853442,0.1414615378236894,0.08694230630493376,0.1475639734746725,0.08165475975027071,0.14541176238174666,0.09385451027020762,0.14901588665057194,0.09043190820677234,0.14818681643651882,0.10069699616808633,0.15166518582335833,0.0964330924950226,0.15053175025552124,0.07104775446966662,0.1393140877873514,0.06547820157817191,0.13712049796063852,0.06055613074195218,0.13587727076996586,0.019078820781841418,0.11890226508719233,0.15586393900525763,0.016511095322424993,0.11745727081004094,0.15630534698389545,0.027879742192286047,0.12225533802417754,0.15460516284451836,0.024123163125103955,0.11993673988453986,0.1554220819321404,0.04015727671754082,0.12881250056228497,0.03372449037913403,0.1260559871639351,0.05613362839963422,0.1344163780802835,0.15732227177394092,0.04815361750582766,0.1320543256317506,0.1530350930609513,0.013220969875375025,0.11268065506286963,0.011708570542938387,0.10944160393356661,0.10438431559109551
70,0.0963381966227454,0.17513781304835863,0.1732246184040781,0.11262263821682038,0.18364439694612708,0.10763387839982952,0.18364439694612708,0.12027078901142856,0.1850461017086077,0.11700948846493407,0.18457936928120017,0.13360193027981174,0.1873722694653703,0.12511727493842106,0.18644329695735845,0.08825269347555789,0.17178417104077087,0.0728253111101477,0.1703389301665899,0.0642855377186638,0.16548642737217786,0.012670753937694722,0.14551534644155778,0.1882992591063295,0.012670753937694722,0.1450041109712177,0.1910684150253341,0.02430739365148717,0.15210721644247463,0.1882992591063295,0.013363961557981502,0.14602598081185295,0.1882992591063295,0.04796619500776674,0.16205712430483363,0.0343223143412206,0.15909601409330557,0.06057359647294649,0.16548642737217786,0.19198755712905782,0.05745589118211999,0.16450938650586608,0.1882992591063295,0.011281010409689084,0.1450041109712177,0.005677132891690489,0.1424388673529201,0.13726247136500375
71,0.07086607559653894,0.13679686321104623,0.13512917035127472,0.07727644263488699,0.1406634214992799,0.07392280062729922,0.13859633296150128,0.0815505616999047,0.1435409155785637,0.07949790262884507,0.14135027041976989,0.09290023111842119,0.1519268061066271,0.08873689335441712,0.1478893322007743,0.06697394067197136,0.1291001267235244,0.062388586804477474,0.12498624981680455,0.060739156481874175,0.1231293720448427,0.014577517226500008,0.10605022471586362,0.15725237231120537,0.006976010996686034,0.1051560010329418,0.15791349967575538,0.029747764945920123,0.10842585857468313,0.1563250999219329,0.0186021789702637,0.10634789058214532,0.1564576886825118,0.04850470006486251,0.11693020862544914,0.0373131426898673,0.11255220298343015,0.058419378838656465,0.12183917458261866,0.1594961111394749,0.05239670861151518,0.12083303103370199,0.15566154825441703,0.00491374107324033,0.10231208421662422,0.003030414262774343,0.09990267730497594,0.09641556725120731
72,0.03695441016696503,0.07907919118123977,0.07686209299692746,0.04291139315459525,0.08179248064333564,0.0403152612791204,0.08060750178565693,0.04549209800935841,0.08347971851492697,0.043834834884405295,0.08263691894535735,0.048970133523748086,0.08499264837365224,0.046410074427871574,0.08432088570003587,0.033567347646268446,0.07566356616753742,0.02977270155736497,0.07480544598733685,0.025559935454751475,0.0732565438751025,0.002239160948517445,0.06154884222336684,0.08816940754531835,0.0012227914654405357,0.05995184335042615,0.08833596343687197,0.005274075338952234,0.0643735317381935,0.0873356686025569,0.003455672897732522,0.062433532857070324,0.08766935627314373,0.010883122629312496,0.069968385049027,0.006079816723881304,0.06787875239577053,0.020527946660827148,0.07256636576893559,0.08950006958028246,0.01405606446446121,0.0710094430351206,0.08549578936281424,6.118260911913636E-4,0.05763464997530164,6.118260911913636E-4,0.05638179051449562,0.051696410410643226
73,0.04297405815041721,0.0852909550584123,0.08340271520602541,0.050999628771483146,0.08829516578866312,0.04997895971907577,0.08641997081185473,0.05343949182858221,0.08941640861947532,0.05222127368926421,0.08866923513298083,0.05947984624955469,0.09090691023487638,0.055260435720207945,0.09072087704209672,0.03331333767610602,0.08302408006268425,0.026032095929487364,0.08074531060939392,0.023215509222708902,0.07998305594788822,0.005468628167390176,0.06995004064969573,0.09202143902936974,0.003653392580472889,0.06877732756475369,0.09257763267879839,0.008177334340519187,0.07209182454713109,0.09183588274288824,0.006825093034539514,0.07092488838090609,0.09183588274288824,0.014432712799864364,0.0746094807683776,0.011985976852777042,0.0734492989157131,0.01884631259390602,0.07883715955248057,0.09405734273684625,0.01730664961218858,0.07749644784897923,0.09146453215856667,0.003198395700821702,0.06720876791145933,0.002058813619765852,0.06484525469353576,0.061275690911445635
74,0.06323118403493823,0.12444040668339593,0.12394150429435126,0.07498298239096218,0.12692635784381345,0.06950063582495686,0.1259336843101358,0.08246145226349315,0.12890492382590135,0.07721228202786441,0.1277930898131216,0.08791919901159215,0.13222344881971312,0.08451615321913107,0.13075167848068855,0.05759748295189861,0.12281687401918237,0.05409391182782143,0.1208103120579875,0.04714977999370739,0.12005545471516105,0.0109829330197093,0.10428450523127078,0.13551680851739578,0.008385276037646506,0.10245258846061286,0.1362452869916447,0.01740990168773495,0.10753668818304182,0.1342999557126075,0.01517126538093859,0.10571846700256306,0.13503047645996358,0.02858866212593342,0.11269005012585662,0.023113960826955767,0.11050733860087679,0.04039545284427632,0.11854179248499568,0.13733571868101022,0.03476210625921191,0.11498926157666149,0.13344612553355067,0.00593578008050588,0.09730826565577465,0.0021528464541330987,0.0953133403202609,0.09183361245031889
75,0.0943508302232169,0.1859616741893313,0.1843074420854556,0.1096836890729383,0.1886266669645482,0.10269250228341656,0.18723742434741128,0.12174499090296508,0.19071195489305506,0.11640265316375734,0.1896218381850353,0.1323699115788736,0.1945637729843297,0.12699989593490366,0.19245821571747607,0.0848794000357785,0.1824884049469385,0.07458757998451215,0.1798850348921136,0.06808711693962181,0.17754662042586125,0.01715048906579133,0.15767997254048233,0.19799952830244072,0.012662370327319353,0.15403546300699258,0.19878267780140269,0.02842629547263302,0.16312110262436377,0.19688924075143216,0.022481444045416195,0.16046117308431598,0.19752130410156163,0.045135720153665335,0.16953723704764465,0.03731829069520516,0.16632045383400715,0.06177575633107425,0.17634253163116714,0.20028770262566445,0.052547758597884325,0.1737019453185372,0.19608346377248229,0.008512044122968325,0.14933482302358655,0.004948338552925294,0.14302326273214314,0.1377621981111419
76,0.03349573153598902,0.06737461473823972,0.06661117238408118,0.03989566322601367,0.06979485933745702,0.03774806911911235,0.06944993478441751,0.043939745017754925,0.07041503403025172,0.042253162385819325,0.0702084075184308,0.04816400772834193,0.0724759101621715,0.04561980313577658,0.07227026207282501,0.031165456981326094,0.06563757345805683,0.025857094449178674,0.06473155880470587,0.024787591226770357,0.06382365009345287,0.004591489575318863,0.054781408417892696,0.07322912111974246,0.003468244399638547,0.05385243590988086,0.07363941352806055,0.007625734370809591,0.056917637427001906,0.07322912111974246,0.0057118371188039025,0.055922038047698915,0.07322912111974246,0.013003083617424423,0.059396696081580214,0.010480858121475024,0.0581943492192695,0.02032851860599297,0.06270361212410028,0.0739810280205454,0.015588877075491878,0.06066615146323667,0.07295537734647929,0.0021003866329573385,0.052921472033768825,9.706716245748585E-4,0.05062133037427025,0.049538931005548625
77,0.10511883353115758,0.25143327092461476,0.2489172816207291,0.12885347648378995,0.25924708867206425,0.11612174714463981,0.25599657786381785,0.1402977513752433,0.2617741042628336,0.1350820569086008,0.26044223409524514,0.15656127964271926,0.26878628483997075,0.14618283970151766,0.2644256533593743,0.09352068094153382,0.24515211748107274,0.07990531880813667,0.24091363861818377,0.07098372256160655,0.23737437707261824,0.017421736561003175,0.19396323262048284,0.27487286724275767,0.012852123570742653,0.19026568844536243,0.2767026196585687,0.028460118187574806,0.2042318668503983,0.2732399235101264,0.02255125857705447,0.19779179359595941,0.2746011359766407,0.04514321254892465,0.2206962646890716,0.03629401078195937,0.21207147323301812,0.06540946242568407,0.23402991771296552,0.28013792544601535,0.054605837050816064,0.22832235145238894,0.271737645502437,0.009236618270144731,0.1850356620628841,0.005590760999615088,0.17609125905568124,0.1647765936254083
78,0.12898039787532428,0.2326465170952052,0.2312965617904825,0.14541751203626266,0.2377945025459717,0.1378065568679702,0.23631981697996596,0.15536231290653807,0.23996230818038589,0.15323820380136302,0.2388447920104696,0.17280620318774673,0.24488688513595228,0.16582976460202997,0.24371283557108558,0.1113341828518425,0.22808246083072634,0.09284262055044427,0.22520537523795117,0.0832429213464001,0.22099945157412584,0.0216335075145354,0.19749406564478994,0.2500289589629833,0.01711258458772906,0.19494823405356174,0.25091409343332355,0.03670642702187513,0.20428661407117588,0.24818481826461297,0.02553678845069959,0.20124692024900856,0.24961982611887368,0.057582671332263156,0.21372491321550824,0.045527130980277664,0.209555415908482,0.07587583469320151,0.219466517110911,0.2516616469080865,0.06547245744561647,0.21712016269167003,0.24695102629303822,0.010300903589837308,0.18973305707573224,0.006496492888601352,0.18492982374461933,0.18063299462651697
79,0.018996563205882548,0.03513537184463316,0.03513537184463316,0.02113594921643411,0.03582363582688237,0.020423990889933474,0.03513537184463316,0.022201703081094017,0.03685399095288792,0.02149149117808706,0.036510810783388345,0.02538336186728325,0.03719690015499296,0.022910755453947856,0.03719690015499296,0.016846586132323458,0.034790830389114444,0.01540733218243877,0.03444601537941414,0.01396329267445764,0.03444601537941414,0.007037761816788102,0.030634870617956753,0.037881907366256386,0.005565575722634388,0.03028673875009419,0.037881907366256386,0.007771987658452605,0.03167759496497152,0.0375395388172655,0.007405029899482003,0.03098272364568708,0.037881907366256386,0.010332046754329118,0.03340992467272887,0.008871004226142846,0.03271782176624919,0.011788190555708095,0.03444601537941414,0.038224006227508475,0.011060728941893482,0.03410092638080167,0.0375395388172655,0.004458151879306633,0.029938327594702385,0.0014911413169217522,0.02854188111211297,0.027140929955650768
80,0.06117480154974944,0.13192660026217332,0.12998778239078665,0.07379645297086114,0.13493878102852633,0.06570464164582594,0.13313398075042107,0.08538923767081157,0.13685567012962124,0.08201159985018747,0.135778461271682,0.09233168893627182,0.1381686405678672,0.08940803083177971,0.13781095120085035,0.05774614309494176,0.1263290035318056,0.050952248299537345,0.1249796903998248,0.046853719231984996,0.1241188487266887,0.01639648366023684,0.10883491589348879,0.1398339734073046,0.01354760293635614,0.10730211024856356,0.14019000114843766,0.02235010875553766,0.11428346663429727,0.13923994447882324,0.01859943140785853,0.11150437669677347,0.1394776535607858,0.030519864324635295,0.11791984993360022,0.02760872442236392,0.11579187156103424,0.041675559824339396,0.12263913866864087,0.1414929447961114,0.03310813007216919,0.12140218402468271,0.1388831367233813,0.008757541709494795,0.10189428222514547,0.004562985875115466,0.09890406742357398,0.09563031091525116
81,0.020669214167444366,0.03919204204474634,0.03919204204474634,0.025062403902567087,0.0400977660057703,0.023811734983805503,0.03979606784712585,0.026620692197662898,0.04130246714414099,0.02568639033448413,0.0400977660057703,0.030646267019877042,0.04250383577164872,0.027552988402348287,0.04220380502955811,0.017185973256034416,0.038889713816802236,0.015593399113855325,0.038889713816802236,0.013994963441565162,0.038889713816802236,0.0026380915250478407,0.034634870304268116,0.04459826723244671,0.0019800694568859623,0.034023618293577126,0.04459826723244671,0.002966729060142054,0.036463481350676216,0.044299680433539664,0.0026380915250478407,0.03555013825504968,0.04459826723244671,0.008840072275328278,0.03798146430786512,0.00558691487760649,0.03737490767029703,0.011747223582424865,0.038889713816802236,0.04459826723244671,0.010134542628327126,0.03828442524230195,0.044299680433539664,0.0016506841685117366,0.03341150475756841,6.610267362973012E-4,0.03279852726427091,0.03156997062630562
82,0.007725899736615832,0.024359345859444693,0.024359345859444693,0.008818465047188608,0.024359345859444693,0.007725899736615832,0.024359345859444693,0.012079765593683059,0.02645992785979315,0.008818465047188608,0.024359345859444693,0.013161446057970814,0.02645992785979315,0.013161446057970814,0.02645992785979315,0.0055324885999610066,0.024359345859444693,0.0044316147990749,0.024359345859444693,0.0022214599939580325,0.023305232521789447,0.001112150369367597,0.016926251520675662,0.02645992785979315,0.001112150369367597,0.016926251520675662,0.02645992785979315,0.0016671593674629915,0.017995942903587796,0.02645992785979315,0.001112150369367597,0.016926251520675662,0.02645992785979315,0.0016671593674629915,0.021189299069938092,0.0016671593674629915,0.02012745384193511,0.0022214599939580325,0.022777214849570012,0.0269834896855935,0.0022214599939580325,0.022777214849570012,0.02645992785979315,0.0,0.016390416188169384,0.0,0.015316758084105798,0.014240439114610285
83,0.030930223565383913,0.08403168029533972,0.08218675618735004,0.03589482517067075,0.08605208541984813,0.03362642528375503,0.084951211618962,0.04212320590558106,0.08897417874406731,0.03896912645978631,0.08614369906471968,0.046560995844276046,0.09368104287785792,0.04454943837170702,0.09042788548013606,0.029575819621371183,0.07968361103354574,0.02559240035724196,0.07856645419398398,0.022421582072249913,0.0776332899288501,0.006540870141278337,0.06106678339769385,0.09619453594029842,0.004113404827034357,0.0586337547266946,0.09735658835013375,0.009501606519559343,0.06847599713277777,0.0960154823480267,0.007420231579458431,0.06300343981501062,0.09610501837182658,0.015363205627343467,0.07378621416091864,0.012876264166019483,0.0721810365117838,0.01986815297098308,0.07679172430064395,0.09798102337058198,0.017084890664726467,0.07529156915823568,0.0953882127923024,0.002005982697598574,0.056383265724610984,0.001115578527365652,0.053923781963092235,0.05045693566710313
84,0.021949155540810353,0.04717907769546925,0.04666092951481394,0.026679682633843946,0.05010363071278596,0.025048017038012786,0.04976058608049221,0.0288457443903517,0.05198554789861419,0.027764063926063898,0.05061769013193305,0.0335021422046011,0.05317889953202796,0.03064257972927141,0.0524973858858531,0.018459352387152933,0.04596910223684846,0.01753630319397424,0.0445821326527405,0.014196987009214422,0.04423469704868799,0.003449841915369203,0.040394447508074985,0.05572509296114767,0.002876767961219188,0.03934118632431736,0.056570517565098566,0.005544666981500858,0.04127021808494901,0.05436898106487305,0.005354645328106992,0.040569742962282614,0.05504756633090545,0.009516035443331492,0.04196956522786397,0.008007412191517006,0.04162003242678058,0.013451416900088886,0.043713021932624364,0.05707698349060582,0.011394474712213555,0.04231881694101903,0.05368933384963447,0.001536647271088606,0.03793285276134121,0.0011529948769665903,0.03669680339136808,0.03545722604695211
85,0.02604687436099993,0.05528717708561983,0.05465363287129373,0.029643536589431748,0.055498153277237096,0.026723521314658712,0.055498153277237096,0.03409787801568177,0.0563410346323573,0.03254404994706012,0.055498153277237096,0.03542532015532259,0.0565514996143795,0.035204361370651256,0.0563410346323573,0.02332969459928703,0.054230756029797635,0.02173678667084388,0.05253511900256636,0.02128059494622618,0.05232269812188085,0.0033425798574858445,0.0413491053596933,0.058441108753066545,0.0023901792961851425,0.04091306668661529,0.058441108753066545,0.00500427162142236,0.045469783043095485,0.05697212384280748,0.00405551213562265,0.042871802323186964,0.05781215211612347,0.013915594159215701,0.04890975732050408,0.010185720610270444,0.04590127287680494,0.01899242062300251,0.0521101732916533,0.05865055871222788,0.015768586759731307,0.05189754441009722,0.0565514996143795,0.0023901792961851425,0.03894545680846223,0.0021517524541257885,0.0380680939203663,0.03652843093864893
86,0.0192542014002132,0.03553665127784437,0.03532063810159128,0.021044186342829004,0.03575255706499223,0.0199263106113285,0.03553665127784437,0.022826823968956828,0.03683047889386789,0.021267416613435498,0.03575255706499223,0.025487135392547915,0.03812046345190708,0.024602174348886462,0.03747595012772619,0.017681889688876195,0.03467195316858798,0.016780863469618157,0.03423895763730351,0.014973183515747264,0.0322851176324547,0.002570488699065035,0.02922823083035891,0.03897832937411118,0.0021042573264262532,0.02922823083035891,0.03983450408590922,0.004662358056339847,0.03163187938159003,0.03897832937411118,0.003268898630180751,0.030540960742396924,0.03897832937411118,0.009504555348357055,0.0322851176324547,0.00651337623148133,0.03163187938159003,0.013385267736115286,0.0322851176324547,0.03983450408590922,0.011791524729558,0.0322851176324547,0.038764021705364075,0.0014039704530010467,0.028350867942263,0.0014039704530010467,0.027031491286294868,0.02659080684269535
87,0.016324691170919607,0.03452317346163246,0.03411326830434716,0.019305155195386624,0.0347279810494428,0.01824305028377244,0.0347279810494428,0.021210422856119078,0.03493269209820285,0.02057626190347283,0.0347279810494428,0.02310736852530077,0.03493269209820285,0.021843659150912326,0.03493269209820285,0.014826753557142604,0.03349768424394211,0.012893210745646425,0.03246976783057366,0.01116724928113009,0.03226389227236737,0.0024330286709991476,0.029578590844569992,0.03534182494231241,0.0017708260289977578,0.02770976159833499,0.03534182494231241,0.003974252784490279,0.030613364938833584,0.035137306698879815,0.0033143977850721533,0.030199751115281386,0.035137306698879815,0.00572898035104087,0.03185184814098119,0.004633106739277226,0.03123304801458246,0.009000106650997946,0.03205791907338994,0.03534182494231241,0.007476646620560907,0.03205791907338994,0.035137306698879815,0.0011076121328871488,0.027085027160367824,8.863155768107127E-4,0.026041801864350178,0.024786614626741844
88,0.11643415374023353,0.20038622343334636,0.19904492019495224,0.13014264001961834,0.20305646581403408,0.12516629463389042,0.2021046914205992,0.14321344264993027,0.20400615891476656,0.13550712797210926,0.2036265308469721,0.14971173568684737,0.20853599901084302,0.14712407471320535,0.20740796076131712,0.10823304310544725,0.19692875241953225,0.09110507596406502,0.19324908931166157,0.08140115761941445,0.19071334069086227,0.017546634652497686,0.17049132295101824,0.212461217949575,0.013740861552173156,0.16823097278073265,0.21376177993684797,0.03188108707668672,0.17477413958941448,0.21171628726624261,0.022473618554855437,0.17294381595442562,0.21208891232720015,0.04875169815952335,0.18460612780815533,0.04438963279399395,0.181220187157033,0.07199001581123232,0.1879658743443955,0.21468837401973406,0.05999792967528537,0.18599270201827797,0.21097007663265321,0.006924772763242683,0.16761246641191077,0.005128928101351716,0.16158771541664388,0.15335139524038777
89,0.030886272570621938,0.09346426513990563,0.09106263054829518,0.041212641841100815,0.09638167415712502,0.036383744481839654,0.09452741005736752,0.04360710404398942,0.09743770989181767,0.04360710404398942,0.09691001300805642,0.04865192072354334,0.10085219876211844,0.047174224565346014,0.09901696429351078,0.026251282131725895,0.08323242778215688,0.017781565511575993,0.07912624073035752,0.013323958381800371,0.07774883874510909,0.00263209582574442,0.06086998588611724,0.10475892209492735,0.002303954909564255,0.059721058015232774,0.10708619788569398,0.004269091664795333,0.06600287601864847,0.1024191077928321,0.0036150335864988297,0.06115674356038711,0.10320044740131004,0.01011170644504892,0.07303272329018358,0.008496626555036626,0.06911003678521162,0.01107787921706945,0.07609016907048294,0.10760168101078683,0.010756060393967572,0.07581310719065341,0.10137513017015555,0.0016469283365905638,0.05683536977774459,6.595209800543891E-4,0.052178011665071564,0.05188526175044532
90,0.13940659404276992,0.22841300545047893,0.22783778088704343,0.15906440413524692,0.23042031267091512,0.15329409166546176,0.23013412189818405,0.16972247231730342,0.23127775516445198,0.1647590527857533,0.23127775516445198,0.18236799784394792,0.2344073064080387,0.17462980681204762,0.23127775516445198,0.13157484197222544,0.2261075216983617,0.11510152142532322,0.2246603544749012,0.10719477150673527,0.22291736424810357,0.03859835877814535,0.20660530924567927,0.23779583711117094,0.03051405018999796,0.2032680666273003,0.23779583711117094,0.06492729750049457,0.21260809288144372,0.23723291482639172,0.054757986471734015,0.2117129476344726,0.23751446717460187,0.0841778233138217,0.21676121383898367,0.07934332646820474,0.21379875704575033,0.10107245715756011,0.2220432388636297,0.24255144417387106,0.09408008726061365,0.2199967447547629,0.23582240861119871,0.013879462165082897,0.19929070296001214,0.013408171308302505,0.18871280728730333,0.1858691082678603
91,0.10429911110084991,0.2453392159785606,0.24214692676340557,0.1294615252472448,0.25477766312361627,0.1169168151143851,0.2509412400045969,0.1447633299928859,0.25696483839683504,0.14009098905579584,0.25498980730201193,0.15857439474980897,0.2644997750407975,0.15118537937090382,0.2599106455955637,0.09550885640305531,0.23959074232741234,0.08622429772525501,0.23539533889046274,0.07758867190544576,0.23302213909484812,0.02315300046596315,0.20610252276406363,0.27006640763086254,0.015735218740559654,0.2012491309701481,0.2709532104623145,0.036100246331231704,0.2119183519232766,0.26897246629199606,0.02890215643892337,0.20744549903976003,0.26951978140148847,0.05600031511938168,0.22095762769346752,0.0474202646433949,0.2156495606859058,0.0728831451524369,0.23093489760843258,0.2718382061858747,0.06166438174175253,0.22838682949062677,0.2682187800097674,0.011173389478491782,0.19463824640296706,0.006187175327757691,0.1847786973737555,0.1770651563178732
92,0.12206438510433915,0.2409231093168511,0.23731898504802582,0.14359063082615867,0.24627382770095227,0.13338928622995522,0.24421828060963763,0.1565594928171641,0.24945979943540542,0.15166041346364512,0.24714189611289433,0.17250177375647624,0.25399053456077453,0.16317517969201492,0.2525883146744405,0.10791029971709072,0.23368470039293177,0.09377341103196346,0.2305246141493706,0.08504483306319621,0.22672372132438015,0.022392811943293723,0.2018466668858069,0.2583054849165654,0.01570671487225414,0.1978239603446089,0.2591161141428701,0.0390633639096746,0.2089116263044411,0.25674753688635177,0.029550405605255202,0.2050305739163291,0.25739171477534245,0.05764710763103559,0.218279860171465,0.04897502152466097,0.2138457739214433,0.07859869132324884,0.22482898612178584,0.2605647182646583,0.06772522859740904,0.2213459590716123,0.2557624721352823,0.00969582855676169,0.19309631415321613,0.005782968028537736,0.18548734677515755,0.1794486721509278
93,0.13951814617152417,0.3135563591187378,0.3088562670933591,0.16112266665125435,0.31815585487107834,0.14897275327031687,0.31664491348191254,0.17616098603373956,0.32434590400175517,0.1714643491405204,0.3195112222095343,0.20095745504198265,0.33015562093819956,0.18669945501709018,0.32814578905865316,0.11845778876520961,0.30342913064320065,0.10082522906108449,0.2991431231148492,0.08931283125753492,0.2948143954688493,0.02281996848497294,0.25267301350829435,0.33366272867989216,0.020331738452315503,0.24726117423437255,0.3353573968502391,0.03803255635095822,0.2634125628316599,0.33235087994382934,0.029809784608533178,0.2561084908896474,0.3330801739555162,0.057154348874461906,0.27716520119900645,0.046008455307273544,0.2703713805448247,0.07966909996610355,0.29231370364085707,0.33757466539202036,0.0713178709195368,0.2872147170843029,0.33113266180451134,0.015211110739185085,0.23973815072052257,0.010744274446590334,0.22882151722531408,0.212844219660958
94,0.1350091056891289,0.2892623807418688,0.28539072972846535,0.1617735911265875,0.29494583666833296,0.14671432598922024,0.2920529401638564,0.17737930464549584,0.2971427782587445,0.17066068606809978,0.29598577606093623,0.20226996065233077,0.30205548488167155,0.1870866433571444,0.29972491633166265,0.1158407245604212,0.2814016325338265,0.09982237477487872,0.2761227811892388,0.09267203092271929,0.2725113384635335,0.023892412708451657,0.24243966798666625,0.30640650168817785,0.018401130200561937,0.23858126466577778,0.3077694534337299,0.04082511604758727,0.25009953922435446,0.3050783829714687,0.031891241142735074,0.2463088871403319,0.30578201054880844,0.06221634808251429,0.26412364449445164,0.05119639633812177,0.2586727207886071,0.08488265257467062,0.271371291042899,0.31086880276550216,0.07303033926395566,0.26806090957081014,0.3037461902645868,0.01406461602913978,0.2329365271703547,0.008988688616541183,0.22345689917600503,0.214778349993153
95,0.15265624953101758,0.2958837718516273,0.292018978689524,0.17898518825336668,0.30075337496551885,0.16644453401665085,0.2988815625042985,0.19072847498278986,0.30275489459481497,0.1871488587403757,0.3015827090467641,0.2109278100244243,0.30748037198955125,0.20207575099597894,0.3060476184915222,0.14122159901575218,0.286478345871845,0.1270077947471779,0.28324937574164655,0.11486768864161775,0.2795606170216453,0.039111595738720556,0.24730329093335582,0.31073759587211974,0.028365617030315263,0.24463504755923515,0.31296285000733476,0.05596507980393515,0.25643852059246525,0.3101287243124425,0.0482391800673193,0.25042155586016807,0.3104670916703485,0.07973395943040777,0.2691961542534908,0.06771644810548197,0.26161691348393623,0.10259684238991204,0.2774490293300448,0.3147750697779726,0.09444187259614943,0.2736368318172745,0.3086367680353597,0.01893829398754292,0.23741185302707252,0.01092278842118661,0.2304733206300516,0.22043613836569714
2A,0.13027260456533618,0.16039891261683376,0.15982784812705225,0.1357431462291435,0.16267569099987855,0.13392727815411645,0.16267569099987855,0.13995087654635463,0.16267569099987855,0.13995087654635463,0.16267569099987855,0.14352533690465283,0.1638096197952419,0.14054866670529878,0.16324302547886485,0.1284336696431603,0.15811013534633367,0.1265869149883731,0.15753605134746748,0.11786334658351626,0.15753605134746748,0.057888727849000475,0.14883246382558915,0.16663155618199704,0.05280070082745448,0.14707061766930254,0.16663155618199704,0.06929941987950265,0.15175308331892975,0.16663155618199704,0.06363154847913628,0.15058719139213966,0.16663155618199704,0.09591809522192121,0.15233485766165974,0.08383493456742327,0.15233485766165974,0.10831802867728586,0.1546541928504293,0.16663155618199704,0.10248848501656202,0.15349607354572742,0.16494059564769195,0.0498662674884051,0.14648174370531242,0.04393724049614943,0.14648174370531242,0.14589207018375977
2B,0.04404968465604829,0.0834778680003857,0.0834778680003857,0.05619857423564327,0.08460152834754216,0.05258945804753216,0.08460152834754216,0.06801684041294241,0.08460152834754216,0.06801684041294241,0.08460152834754216,0.06801684041294241,0.087398025337214,0.06801684041294241,0.0868401646543385,0.04404968465604829,0.08065593161363054,0.03784537225476343,0.08008933729725354,0.03784537225476343,0.08008933729725354,0.01933479683495062,0.0697621655291109,0.08795517035512998,0.01933479683495062,0.0697621655291109,0.08851160154194987,0.02709026153171296,0.0697621655291109,0.08795517035512998,0.02452046419996941,0.0697621655291109,0.08795517035512998,0.033449005900160866,0.07895392624033953,0.027730341945151248,0.07724522443522237,0.037220038119504494,0.08008933729725354,0.08906732072449759,0.036593802276456276,0.07895392624033953,0.08795517035512998,0.01933479683495062,0.0697621655291109,6.81246385811849E-4,0.0697621655291109,0.06918116948004835
971,0.02167878734873667,0.037788560889399754,0.037788560889399754,0.026387483441290636,0.037788560889399754,0.024510126849711524,0.037788560889399754,0.02794577173638644,0.03839639091430606,0.027323127211234782,0.03809258224021444,0.029808367079884063,0.038699987209020556,0.02949848873501877,0.03839639091430606,0.019780920605650967,0.03657034275008175,0.018511052794757978,0.03657034275008175,0.01787472376970434,0.03657034275008175,0.0019861062750208404,0.03443020369670458,0.038699987209020556,0.0,0.03381679330955323,0.038699987209020556,0.0019861062750208404,0.03534869783230069,0.038699987209020556,0.0019861062750208404,0.03534869783230069,0.038699987209020556,0.008216183029774367,0.03565443137671391,0.0019861062750208404,0.03534869783230069,0.01755620928391774,0.03626525353352857,0.038699987209020556,0.011782637787670977,0.03626525353352857,0.038699987209020556,0.0,0.03289505016502912,0.0,0.03227946610462407,0.031354450883989936
972,0.02559272816736021,0.03567107994230299,0.03535964609467725,0.0262295237094615,0.03567107994230299,0.0262295237094615,0.03567107994230299,0.029715306232179148,0.03567107994230299,0.02813432712219931,0.03567107994230299,0.0306611385085364,0.03567107994230299,0.030346089904293654,0.03567107994230299,0.024316329065180976,0.03535964609467725,0.020786764531987696,0.033799118070302205,0.020464468055672293,0.033799118070302205,0.0013497896860896774,0.031290550911317924,0.03629327844686853,0.0010127353564799496,0.031290550911317924,0.03629327844686853,0.003031148665368227,0.031604915370866245,0.03629327844686853,0.0013497896860896774,0.031604915370866245,0.03629327844686853,0.00936159842216597,0.03286010260847458,0.006707384006986401,0.031604915370866245,0.017552985764490995,0.03348633845152274,0.03629327844686853,0.013967795197122214,0.03348633845152274,0.03629327844686853,0.0010127353564799496,0.030975958733923153,3.3784092088992454E-4,0.030975958733923153,0.0306611385085364
973,0.004081745101293023,0.016891358864266785,0.015706380006588142,0.006108321256051764,0.016891358864266785,0.005298825249266194,0.016891358864266785,0.006108321256051764,0.016891358864266785,0.006108321256051764,0.016891358864266785,0.006916311222885409,0.016891358864266785,0.006108321256051764,0.016891358864266785,0.0,0.015706380006588142,0.0,0.014914594040865314,0.0,0.014914594040865314,0.0,0.012131919648289977,0.017679552332705593,0.0,0.009732496517835339,0.01885916686119442,0.0,0.013326678261233424,0.017679552332705593,0.0,0.012131919648289977,0.017679552332705593,0.0,0.014518159068652113,0.0,0.014518159068652113,0.0,0.014914594040865314,0.01885916686119442,0.0,0.014914594040865314,0.016891358864266785,0.0,0.009732496517835339,0.0,0.009331300663065619,0.007722800743234919
974,0.011452170582685273,0.01683764503754271,0.01683764503754271,0.012843398089231973,0.016990538713440882,0.01222562489558491,0.01683764503754271,0.01330615197627841,0.016990538713440882,0.01330615197627841,0.016990538713440882,0.013922391145871293,0.017601575721595063,0.01376841330986612,0.017143378581955963,0.010367015146313852,0.01683764503754271,0.009434718941628563,0.01683764503754271,0.008812074416476837,0.016684697516362253,0.0,0.015612554008236421,0.017906772137460173,0.0,0.015612554008236421,0.017906772137460173,1.5893668316572206E-4,0.015612554008236421,0.017601575721595063,0.0,0.015612554008236421,0.017906772137460173,1.5893668316572206E-4,0.015919150901946687,1.5893668316572206E-4,0.015612554008236421,0.0020616537766157384,0.016072368219430463,0.01821175422998192,1.5893668316572206E-4,0.016072368219430463,0.017601575721595063,0.0,0.015612554008236421,0.0,0.01469146250304487,0.01469146250304487
976,0.0010816804642877409,0.08438458859445201,0.08259736598208137,0.02319599475486,0.09233730387001515,0.01385596850071668,0.09233730387001515,0.02829939639298969,0.10781874637509338,0.025244557430129252,0.10271933966373692,0.03634211664840372,0.11452613038207984,0.03233937419472977,0.11452613038207984,0.0,0.07900070375364947,0.0,0.0753740064199316,0.0,0.07446258010031084,0.0,0.05103216925777823,0.13325212965646016,0.0,0.049101968383140904,0.14193041896187517,0.0,0.05486702403693012,0.12520940940104616,0.0,0.05103216925777823,0.1268299130793733,0.0,0.06617250794592984,0.0,0.05961345906139179,0.0,0.06987653450871387,0.1473640222311639,0.0,0.068028470094901,0.12031129941500349,0.0,0.047163150511754154,0.0,0.0452156383607493,0.04325935360288722
