dep,2020-03-18,2020-03-19,2020-03-20,2020-03-21,2020-03-22,2020-03-23,2020-03-24,2020-03-25,2020-03-26,2020-03-27,2020-03-28,2020-03-29,2020-03-30,2020-03-31,2020-04-01,2020-04-02,2020-04-03,2020-04-04,2020-04-05,2020-04-06,2020-04-07,2020-04-08,2020-04-09,2020-04-10,2020-04-11,2020-04-12,2020-04-13,2020-04-14,2020-04-15
01,0.001702127659574468,0.001702127659574468,0.001702127659574468,0.003404255319148936,0.006808510638297872,0.01446808510638298,0.01872340425531915,0.02468085106382979,0.028085106382978724,0.04170212765957447,0.0451063829787234,0.04680851063829787,0.05702127659574468,0.06127659574468085,0.07829787234042553,0.08936170212765958,0.0851063829787234,0.09276595744680852,0.09531914893617022,0.09787234042553192,0.10127659574468086,0.10553191489361702,0.10638297872340426,0.10893617021276596,0.10042553191489362,0.10042553191489362,0.10212765957446808,0.11404255319148936,0.11829787234042553
02,0.02138758476786646,0.022430881585811163,0.027125717266562335,0.03182055294731351,0.03599374021909233,0.04747000521648409,0.05581637976004173,0.059989567031820554,0.06468440271257173,0.06885758998435054,0.06990088680229525,0.07094418362023996,0.07042253521126761,0.07511737089201878,0.08555033907146584,0.09702660406885759,0.10954616588419405,0.11632759520083463,0.11528429838288994,0.11632759520083463,0.13302034428794993,0.1356285863328117,0.14084507042253522,0.14606155451225875,0.14553990610328638,0.1476264997391758,0.14919144496609285,0.14553990610328638,0.14606155451225875
03,0.0025380710659898475,0.0,0.0006345177664974619,0.0031725888324873096,0.0031725888324873096,0.005710659898477157,0.005710659898477157,0.007614213197969543,0.00951776649746193,0.011421319796954314,0.013959390862944163,0.014593908629441625,0.01903553299492386,0.02284263959390863,0.024111675126903553,0.02284263959390863,0.025380710659898477,0.027918781725888325,0.028553299492385786,0.031725888324873094,0.03299492385786802,0.03362944162436548,0.03616751269035533,0.03553299492385787,0.03807106598984772,0.03680203045685279,0.03680203045685279,0.03934010152284264,0.037436548223350255
04,0.005870841487279843,0.005870841487279843,0.005870841487279843,0.007827788649706457,0.007827788649706457,0.007827788649706457,0.007827788649706457,0.015655577299412915,0.01761252446183953,0.021526418786692758,0.023483365949119372,0.023483365949119372,0.03718199608610567,0.03913894324853229,0.043052837573385516,0.04892367906066536,0.05675146771037182,0.05675146771037182,0.060665362035225046,0.0684931506849315,0.05675146771037182,0.05870841487279843,0.060665362035225046,0.0684931506849315,0.0684931506849315,0.06653620352250489,0.06457925636007827,0.06653620352250489,0.07240704500978473
05,0.01415929203539823,0.017699115044247787,0.023008849557522124,0.023008849557522124,0.024778761061946902,0.033628318584070796,0.033628318584070796,0.04070796460176991,0.05132743362831858,0.05663716814159292,0.05663716814159292,0.06902654867256637,0.06725663716814159,0.0743362831858407,0.0920353982300885,0.10442477876106195,0.11327433628318584,0.10619469026548672,0.10442477876106195,0.11150442477876106,0.11327433628318584,0.1079646017699115,0.09557522123893805,0.0920353982300885,0.08849557522123894,0.08672566371681416,0.08672566371681416,0.08141592920353982,0.07787610619469026
06,0.005225752508361204,0.006897993311036789,0.00898829431438127,0.009615384615384616,0.009406354515050168,0.013795986622073578,0.011496655518394648,0.015677257525083612,0.017767558528428092,0.020693979933110368,0.021948160535117056,0.023411371237458192,0.024874581939799332,0.027591973244147156,0.031145484949832776,0.03804347826086957,0.042433110367892976,0.04535953177257525,0.045777591973244144,0.048704013377926424,0.052675585284280936,0.053929765886287624,0.05518394648829431,0.05811036789297659,0.055811036789297656,0.056438127090301,0.05811036789297659,0.058946488294314384,0.05811036789297659
07,0.011320754716981131,0.010377358490566037,0.014150943396226415,0.014150943396226415,0.020754716981132074,0.027358490566037737,0.03490566037735849,0.045283018867924525,0.04905660377358491,0.0509433962264151,0.05849056603773585,0.062264150943396226,0.06792452830188679,0.0820754716981132,0.08018867924528301,0.07830188679245283,0.08962264150943396,0.0820754716981132,0.08773584905660377,0.09622641509433963,0.1,0.1009433962264151,0.1009433962264151,0.09905660377358491,0.09622641509433963,0.09622641509433963,0.1,0.1,0.09528301886792453
08,0.0,0.0,0.0010626992561105207,0.003188097768331562,0.004250797024442083,0.006376195536663124,0.005313496280552604,0.005313496280552604,0.01381509032943677,0.01487778958554729,0.026567481402763018,0.031880977683315624,0.031880977683315624,0.05100956429330499,0.057385759829968117,0.07013815090329437,0.07120085015940489,0.07226354941551541,0.077577045696068,0.077577045696068,0.08501594048884166,0.07970244420828905,0.08289054197662062,0.07863974495217853,0.07332624867162593,0.08395324123273114,0.08395324123273114,0.08289054197662062,0.07438894792773645
09,0.0022727272727272726,0.0022727272727272726,0.004545454545454545,0.004545454545454545,0.004545454545454545,0.006818181818181818,0.006818181818181818,0.015909090909090907,0.015909090909090907,0.01818181818181818,0.01818181818181818,0.020454545454545454,0.025,0.02727272727272727,0.03636363636363636,0.038636363636363635,0.03636363636363636,0.03409090909090909,0.04090909090909091,0.04090909090909091,0.04318181818181818,0.045454545454545456,0.04090909090909091,0.03409090909090909,0.03409090909090909,0.03636363636363636,0.03636363636363636,0.03636363636363636,0.04090909090909091
10,0.004409171075837742,0.005291005291005291,0.010582010582010581,0.010582010582010581,0.018518518518518517,0.0291005291005291,0.031746031746031744,0.03880070546737213,0.05114638447971781,0.053791887125220456,0.0564373897707231,0.05731922398589065,0.06172839506172839,0.06966490299823633,0.07583774250440917,0.09171075837742504,0.09700176366843033,0.12433862433862433,0.13051146384479717,0.13315696649029982,0.1384479717813051,0.1349206349206349,0.1781305114638448,0.18783068783068782,0.1931216931216931,0.21075837742504408,0.2292768959435626,0.24162257495590828,0.2345679012345679
11,0.00645682001614205,0.014527845036319613,0.020984665052461663,0.020984665052461663,0.021791767554479417,0.029055690072639227,0.026634382566585957,0.02986279257465698,0.03066989507667474,0.03631961259079903,0.047619047619047616,0.05488297013720742,0.058918482647296204,0.06053268765133172,0.0645682001614205,0.08151735270379339,0.07990314769975787,0.08232445520581114,0.07667473769168684,0.06133979015334948,0.06537530266343826,0.058918482647296204,0.05569007263922518,0.05084745762711865,0.053268765133171914,0.06537530266343826,0.07344632768361582,0.06941081517352704,0.062146892655367235
12,0.008433734939759036,0.010843373493975903,0.014457831325301205,0.01325301204819277,0.01566265060240964,0.016867469879518072,0.02289156626506024,0.020481927710843374,0.02650602409638554,0.02891566265060241,0.03975903614457831,0.04096385542168675,0.04819277108433735,0.051807228915662654,0.05542168674698795,0.06265060240963856,0.07228915662650602,0.06987951807228916,0.06746987951807229,0.07108433734939759,0.06626506024096386,0.06265060240963856,0.06265060240963856,0.060240963855421686,0.06626506024096386,0.06746987951807229,0.06867469879518072,0.06746987951807229,0.06626506024096386
13,0.009919028340080972,0.012955465587044534,0.017611336032388663,0.020546558704453443,0.025,0.03147773279352227,0.03734817813765182,0.03805668016194332,0.043927125506072875,0.05313765182186235,0.06082995951417004,0.07135627530364372,0.08208502024291497,0.08724696356275304,0.08977732793522267,0.09574898785425101,0.1034412955465587,0.10526315789473684,0.11082995951417005,0.11831983805668016,0.10870445344129555,0.11204453441295546,0.10576923076923077,0.11022267206477733,0.1076923076923077,0.11467611336032389,0.11609311740890688,0.11558704453441296,0.11751012145748987
14,0.001265022137887413,0.001265022137887413,0.001265022137887413,0.0018975332068311196,0.003478810879190386,0.008222643896268185,0.009171410499683744,0.01454775458570525,0.016129032258064516,0.019924098671726755,0.025616698292220113,0.029411764705882353,0.03004427577482606,0.030360531309297913,0.03510436432637571,0.03984819734345351,0.041429475015812775,0.041113219481340925,0.04490828589500316,0.046173308032890575,0.04775458570524984,0.04933586337760911,0.04965211891208096,0.05218216318785579,0.05249841872232764,0.051233396584440226,0.04933586337760911,0.0480708412397217,0.0480708412397217
15,0.002531645569620253,0.0037974683544303796,0.005063291139240506,0.006329113924050633,0.006329113924050633,0.006329113924050633,0.008860759493670886,0.008860759493670886,0.007594936708860759,0.008860759493670886,0.010126582278481013,0.010126582278481013,0.012658227848101266,0.015189873417721518,0.015189873417721518,0.026582278481012658,0.030379746835443037,0.03164556962025317,0.03291139240506329,0.035443037974683546,0.03291139240506329,0.03291139240506329,0.03417721518987342,0.03417721518987342,0.03417721518987342,0.035443037974683546,0.03670886075949367,0.03670886075949367,0.035443037974683546
16,0.000851063829787234,0.0,0.000851063829787234,0.002553191489361702,0.00425531914893617,0.005106382978723404,0.011063829787234043,0.015319148936170212,0.016170212765957447,0.02297872340425532,0.01957446808510638,0.02553191489361702,0.029787234042553193,0.011914893617021277,0.01446808510638298,0.016170212765957447,0.015319148936170212,0.01446808510638298,0.01446808510638298,0.01276595744680851,0.010212765957446808,0.009361702127659575,0.009361702127659575,0.00851063829787234,0.011063829787234043,0.011914893617021277,0.011914893617021277,0.011914893617021277,0.011063829787234043
17,0.00228310502283105,0.0031963470319634705,0.00410958904109589,0.00502283105022831,0.005479452054794521,0.005936073059360731,0.011872146118721462,0.011872146118721462,0.01643835616438356,0.01643835616438356,0.01872146118721461,0.021004566210045664,0.027853881278538814,0.025570776255707764,0.02968036529680365,0.030136986301369864,0.033789954337899546,0.036073059360730596,0.036073059360730596,0.036986301369863014,0.040639269406392696,0.041552511415525115,0.0365296803652968,0.03561643835616438,0.036073059360730596,0.039269406392694065,0.03881278538812785,0.042922374429223746,0.03744292237442922
18,0.0,0.0,0.0,0.0,0.0,0.0,0.0018744142455482662,0.006560449859418931,0.008434864104967198,0.011246485473289597,0.01499531396438613,0.016869728209934397,0.02999062792877226,0.03561387066541706,0.03748828491096532,0.03561387066541706,0.04029990627928772,0.044048734770384255,0.04592314901593252,0.05154639175257732,0.05060918462980318,0.04779756326148079,0.056232427366447985,0.061855670103092786,0.061855670103092786,0.06373008434864105,0.06747891283973759,0.06747891283973759,0.06935332708528585
19,0.0,0.0008532423208191126,0.0008532423208191126,0.0008532423208191126,0.0034129692832764505,0.005119453924914676,0.010238907849829351,0.012798634812286689,0.013651877133105802,0.013651877133105802,0.024744027303754267,0.027303754266211604,0.031569965870307165,0.032423208191126277,0.033276450511945395,0.032423208191126277,0.03583617747440273,0.03668941979522184,0.03583617747440273,0.03754266211604096,0.03498293515358362,0.03668941979522184,0.03754266211604096,0.033276450511945395,0.03924914675767918,0.040955631399317405,0.043515358361774746,0.04522184300341297,0.04607508532423208
21,0.022953328232593728,0.020275439938791124,0.03136954858454476,0.030221882172915073,0.0386381025248661,0.04322876817138485,0.04361132364192808,0.058530986993114,0.06235654169854629,0.06503442999234889,0.0772762050497322,0.08339709257842387,0.08071920428462127,0.06350420811017597,0.07268553940321347,0.0772762050497322,0.0811017597551645,0.09755164498852334,0.09908186687069626,0.10864575363427698,0.11744452945677124,0.11859219586840092,0.11094108645753634,0.13389441469013008,0.12433052792654935,0.1315990818668707,0.13006885998469778,0.13236419280795717,0.13810252486610558
22,0.0004861448711716091,0.0009722897423432182,0.0024307243558580457,0.003403014098201264,0.003403014098201264,0.004375303840544483,0.0053475935828877,0.007292173067574137,0.0106951871657754,0.015556635877491492,0.01652892561983471,0.01750121536217793,0.018959649975692758,0.018959649975692758,0.022848808945065628,0.02868254739912494,0.03159941662615459,0.030140982012639768,0.03403014098201264,0.036460865337870685,0.03354399611084103,0.03208556149732621,0.031113271754982984,0.03403014098201264,0.03354399611084103,0.03548857559552747,0.03597472046669908,0.0374331550802139,0.036460865337870685
23,0.0,0.0,0.0,0.0020920502092050207,0.0020920502092050207,0.0041841004184100415,0.0041841004184100415,0.008368200836820083,0.008368200836820083,0.012552301255230125,0.012552301255230125,0.012552301255230125,0.016736401673640166,0.01882845188284519,0.02301255230125523,0.02301255230125523,0.02301255230125523,0.02510460251046025,0.02510460251046025,0.02301255230125523,0.027196652719665274,0.058577405857740586,0.060669456066945605,0.060669456066945605,0.06485355648535565,0.06903765690376569,0.07112970711297072,0.06694560669456066,0.06276150627615062
24,0.0016286644951140066,0.0016286644951140066,0.0024429967426710096,0.003257328990228013,0.004885993485342019,0.016286644951140065,0.019543973941368076,0.023615635179153095,0.02687296416938111,0.033387622149837134,0.008957654723127036,0.008957654723127036,0.008957654723127036,0.008143322475570033,0.010586319218241042,0.012214983713355049,0.016286644951140065,0.02035830618892508,0.021172638436482084,0.02280130293159609,0.021172638436482084,0.018729641693811076,0.017915309446254073,0.021172638436482084,0.019543973941368076,0.021172638436482084,0.025244299674267102,0.023615635179153095,0.02687296416938111
25,0.013091641490433032,0.01661631419939577,0.0216515609264854,0.02416918429003021,0.03172205438066465,0.03272910372608258,0.04028197381671702,0.04229607250755287,0.04229607250755287,0.050352467270896276,0.04582074521651561,0.07452165156092648,0.07653575025176233,0.07452165156092648,0.081067472306143,0.09365558912386707,0.08710976837865056,0.08811681772406849,0.09214501510574018,0.09214501510574018,0.0986908358509567,0.10020140986908359,0.10020140986908359,0.09566968781470292,0.09365558912386707,0.10725075528700906,0.1067472306143001,0.11782477341389729,0.11581067472306143
26,0.009653605905735378,0.018171493469619535,0.021578648495173196,0.02441794434980125,0.02612152186257808,0.032935831913685404,0.0380465644520159,0.05110732538330494,0.06587166382737081,0.07325383304940375,0.09369676320272573,0.10391822827938671,0.11868256672345258,0.12152186257808063,0.1362862010221465,0.13003975014196478,0.1419647927314026,0.14423622941510506,0.14253265190232822,0.14764338444065872,0.13855763770584895,0.14026121521862578,0.1368540601930721,0.1306076093128904,0.12890403180011356,0.13401476433844406,0.13287904599659284,0.12833617262918795,0.11754684838160136
27,0.0,0.0008006405124099279,0.0032025620496397116,0.005604483586869495,0.009607686148919135,0.01200960768614892,0.01200960768614892,0.017614091273018415,0.02802241793434748,0.029623698959167333,0.029623698959167333,0.029623698959167333,0.03122497998398719,0.0344275420336269,0.0344275420336269,0.04323458767013611,0.05044035228182546,0.055244195356285025,0.0544435548438751,0.053642914331465175,0.05284227381905524,0.040032025620496396,0.053642914331465175,0.06965572457966374,0.07526020816653323,0.07526020816653323,0.07365892714171338,0.06805444355484387,0.0632506004803843
28,0.003457814661134163,0.007607192254495159,0.008298755186721992,0.008990318118948824,0.01037344398340249,0.02351313969571231,0.028354080221300138,0.034578146611341634,0.040110650069156296,0.04702627939142462,0.050484094052558784,0.0677731673582296,0.07883817427385892,0.08367911479944674,0.08367911479944674,0.10096818810511757,0.10442600276625173,0.11203319502074689,0.12033195020746888,0.11479944674965421,0.11825726141078838,0.12240663900414937,0.12863070539419086,0.13692946058091288,0.1396957123098202,0.15145228215767634,0.16044260027662519,0.1632088520055325,0.1673582295988935
29,0.003549003549003549,0.004641004641004641,0.00546000546000546,0.00546000546000546,0.005187005187005187,0.006006006006006006,0.006006006006006006,0.009009009009009009,0.011193011193011193,0.011193011193011193,0.013104013104013105,0.01365001365001365,0.014742014742014743,0.013377013377013377,0.015288015288015287,0.018018018018018018,0.020202020202020204,0.021567021567021567,0.022386022386022386,0.025389025389025387,0.02566202566202566,0.027846027846027847,0.029757029757029756,0.03003003003003003,0.03166803166803167,0.03357903357903358,0.03303303303303303,0.03276003276003276,0.03139503139503139
2A,0.0,0.0019011406844106464,0.11406844106463879,0.11787072243346007,0.11026615969581749,0.11216730038022814,0.11977186311787072,0.14068441064638784,0.16730038022813687,0.1806083650190114,0.1920152091254753,0.17300380228136883,0.17490494296577946,0.16920152091254753,0.16730038022813687,0.14068441064638784,0.13688212927756654,0.1520912547528517,0.1482889733840304,0.1444866920152091,0.15019011406844107,0.15399239543726237,0.1482889733840304,0.13688212927756654,0.13307984790874525,0.13307984790874525,0.13498098859315588,0.13498098859315588,0.1311787072243346
2B,0.0,0.0,0.009419152276295133,0.009419152276295133,0.009419152276295133,0.009419152276295133,0.01098901098901099,0.01098901098901099,0.01098901098901099,0.01098901098901099,0.01098901098901099,0.01098901098901099,0.01098901098901099,0.015698587127158554,0.012558869701726845,0.018838304552590265,0.02511773940345369,0.026687598116169546,0.026687598116169546,0.02511773940345369,0.023547880690737835,0.0141287284144427,0.015698587127158554,0.009419152276295133,0.009419152276295133,0.006279434850863423,0.006279434850863423,0.004709576138147566,0.02197802197802198
30,0.002035830618892508,0.0016286644951140066,0.003257328990228013,0.0028501628664495114,0.005293159609120521,0.0061074918566775245,0.005700325732899023,0.007736156351791531,0.006921824104234527,0.01017915309446254,0.014657980456026058,0.015879478827361564,0.017915309446254073,0.02239413680781759,0.03013029315960912,0.03013029315960912,0.028501628664495113,0.02687296416938111,0.03623778501628665,0.04315960912052117,0.04478827361563518,0.04234527687296417,0.04315960912052117,0.043973941368078175,0.039495114006514655,0.03868078175895766,0.03745928338762215,0.039495114006514655,0.04275244299674267
31,0.004071517082669499,0.004602584528235086,0.006195786864931847,0.009028146574614976,0.009736236502035759,0.012568596211718889,0.01575500088511241,0.019118428040361127,0.024783147459727387,0.027615507169410514,0.028854664542396883,0.032749159143211186,0.03788281111701186,0.038767923526287836,0.038236856080722255,0.03788281111701186,0.04000708089927421,0.040184103381129405,0.04000708089927421,0.04160028323597097,0.04071517082669499,0.04053814834483979,0.04372455301823332,0.044255620463798905,0.04230837316339175,0.04319348557266773,0.043016463090812536,0.043016463090812536,0.03929899097185342
32,0.002066115702479339,0.006198347107438017,0.006198347107438017,0.008264462809917356,0.008264462809917356,0.010330578512396695,0.01652892561983471,0.022727272727272728,0.02066115702479339,0.030991735537190084,0.03305785123966942,0.04132231404958678,0.03925619834710744,0.03925619834710744,0.05165289256198347,0.05578512396694215,0.05578512396694215,0.05578512396694215,0.05991735537190083,0.05785123966942149,0.05371900826446281,0.05991735537190083,0.05785123966942149,0.05165289256198347,0.047520661157024795,0.05785123966942149,0.0640495867768595,0.06611570247933884,0.0640495867768595
33,0.0009794319294809011,0.0009794319294809011,0.0013991884706870015,0.005456835035679306,0.007555617741709809,0.00951448160067161,0.013851965859801316,0.020148313977892823,0.023226528613404226,0.02854344480201483,0.030222470966839235,0.033160766755281935,0.04029662795578565,0.041975654120610044,0.04141597873233525,0.041695816426472646,0.043514761438365746,0.04267524835595355,0.04267524835595355,0.04365468028543445,0.04407443682664055,0.040576465649923045,0.039457114873373444,0.03931719602630474,0.043095004897159644,0.04183573527354135,0.043514761438365746,0.04435427452077795,0.04253532950888485
34,0.007167764432390546,0.009492444788841535,0.011817125145292522,0.012592018597442852,0.012785741960480435,0.01588531576908175,0.019178612940720652,0.026152654010073616,0.029445951181712515,0.034289035257652076,0.03913211933359163,0.045331266950794265,0.046881053855094924,0.04571871367686943,0.046106160402944595,0.04746222394420767,0.05114296784192174,0.04881828748547075,0.04978690430065866,0.05133669120495932,0.049205734211545914,0.04649360712901976,0.04339403332041844,0.04106935296396746,0.03583882216195273,0.03545137543587756,0.038357225881441304,0.03719488570321581,0.03467648198372724
35,0.0016863406408094434,0.003854492893278728,0.00481811611659841,0.00481811611659841,0.006504456757407854,0.008190797398217297,0.007949891592387376,0.00987713803902674,0.012045290291496025,0.012768007708985786,0.015658877378944832,0.02023608768971332,0.021922428330522766,0.022645145748012525,0.025536015417971573,0.030835943146229824,0.031076848952059744,0.03155866056371959,0.03276318959286919,0.0375813057094676,0.03709949409780776,0.039026740544447124,0.041676704408576244,0.041194892796916405,0.04143579860274633,0.04384485666104553,0.04432666827270537,0.0457721031076849,0.047217537942664416
36,0.0,0.0038809831824062097,0.00517464424320828,0.00646830530401035,0.00646830530401035,0.02069857697283312,0.02457956015523933,0.029754204398447608,0.029754204398447608,0.037516170763260026,0.05304010349288486,0.0517464424320828,0.055627425614489,0.055627425614489,0.06597671410090557,0.06338939197930142,0.06080206985769728,0.0724450194049159,0.08408796895213454,0.0815006468305304,0.0815006468305304,0.0815006468305304,0.08538163001293661,0.10219922380336352,0.10866752910737387,0.10608020698576973,0.12160413971539456,0.11901681759379043,0.12807244501940493
37,0.0014897579143389199,0.0022346368715083797,0.004469273743016759,0.004469273743016759,0.00484171322160149,0.0067039106145251395,0.00819366852886406,0.00931098696461825,0.012290502793296089,0.01899441340782123,0.01899441340782123,0.02160148975791434,0.030167597765363128,0.03761638733705773,0.042085661080074485,0.05139664804469274,0.055121042830540035,0.0633147113594041,0.061824953445065174,0.06741154562383612,0.06741154562383612,0.07150837988826815,0.07188081936685288,0.07188081936685288,0.074487895716946,0.07225325884543761,0.07299813780260708,0.07262569832402235,0.07262569832402235
38,0.004761904761904762,0.00582010582010582,0.007142857142857143,0.007936507936507936,0.009523809523809525,0.013492063492063493,0.015608465608465608,0.0208994708994709,0.02328042328042328,0.03015873015873016,0.031746031746031744,0.037037037037037035,0.04365079365079365,0.046296296296296294,0.049206349206349205,0.05264550264550265,0.05343915343915344,0.05396825396825397,0.05873015873015873,0.06375661375661376,0.0656084656084656,0.06031746031746032,0.06243386243386243,0.06587301587301587,0.06507936507936508,0.0656084656084656,0.06746031746031746,0.06587301587301587,0.06746031746031746
39,0.002306805074971165,0.002306805074971165,0.006920415224913495,0.008073817762399077,0.00922722029988466,0.011534025374855825,0.02768166089965398,0.03229527104959631,0.05190311418685121,0.05536332179930796,0.04267589388696655,0.04267589388696655,0.05536332179930796,0.05997693194925029,0.06343713956170703,0.06343713956170703,0.06920415224913495,0.08073817762399077,0.08996539792387544,0.08881199538638986,0.10380622837370242,0.11534025374855825,0.12110726643598616,0.12802768166089964,0.12918108419838523,0.13494809688581316,0.14302191464821223,0.1510957324106113,0.1522491349480969
40,0.0,0.0,0.0,0.0,0.0,0.003424657534246575,0.003424657534246575,0.007705479452054794,0.00684931506849315,0.008561643835616438,0.007705479452054794,0.009417808219178082,0.012842465753424657,0.012842465753424657,0.0136986301369863,0.014554794520547944,0.014554794520547944,0.018835616438356163,0.018835616438356163,0.01797945205479452,0.02226027397260274,0.02482876712328767,0.025684931506849314,0.021404109589041095,0.021404109589041095,0.02054794520547945,0.02054794520547945,0.023116438356164382,0.02482876712328767
41,0.0,0.0017777777777777779,0.0035555555555555557,0.0035555555555555557,0.0035555555555555557,0.005333333333333333,0.008888888888888889,0.009777777777777778,0.014222222222222223,0.021333333333333333,0.025777777777777778,0.025777777777777778,0.042666666666666665,0.043555555555555556,0.051555555555555556,0.06488888888888888,0.059555555555555556,0.059555555555555556,0.058666666666666666,0.07377777777777778,0.07644444444444444,0.08088888888888889,0.09155555555555556,0.08266666666666667,0.08266666666666667,0.08533333333333333,0.08622222222222223,0.09244444444444444,0.088
42,0.009267563527653214,0.014349775784753363,0.01883408071748879,0.021225710014947684,0.02929745889387145,0.036771300448430494,0.04783258594917788,0.06278026905829596,0.07384155455904334,0.07832585949177877,0.09596412556053811,0.11180866965620329,0.11689088191330343,0.12406576980568013,0.12376681614349776,0.13004484304932734,0.13423019431988042,0.13931240657698057,0.13961136023916293,0.14559043348281017,0.14289985052316892,0.14200298953662183,0.14110612855007473,0.13871449925261584,0.14050822122571002,0.14738415545590433,0.14648729446935724,0.14618834080717488,0.14648729446935724
43,0.0016611295681063123,0.0016611295681063123,0.0033222591362126247,0.006644518272425249,0.008305647840531562,0.011627906976744186,0.013289036544850499,0.018272425249169437,0.02159468438538206,0.023255813953488372,0.023255813953488372,0.023255813953488372,0.026578073089700997,0.026578073089700997,0.02823920265780731,0.02823920265780731,0.03322259136212625,0.03820598006644518,0.04152823920265781,0.04983388704318937,0.044850498338870434,0.036544850498338874,0.03986710963455149,0.03986710963455149,0.04983388704318937,0.053156146179401995,0.05149501661129568,0.04817275747508306,0.044850498338870434
44,0.003716704521990502,0.004955606029320669,0.006194507536650836,0.007846376213091059,0.010324179227751393,0.01176956431963659,0.015899236010737148,0.01837703902539748,0.018790006194507537,0.026429898823043568,0.029733636175924016,0.0326244063596944,0.0326244063596944,0.03283088994424943,0.03881891389634524,0.042122651249225686,0.04460045426388602,0.0503819946314268,0.05162089613875697,0.05389221556886228,0.05451166632252736,0.05430518273797233,0.056576502168077636,0.059673755936403054,0.05946727235184803,0.060912657443733226,0.06173859178195334,0.06111914102828825,0.06029320669006814
45,0.001926040061633282,0.0034668721109399076,0.010015408320493066,0.011556240369799691,0.014252696456086287,0.016563944530046226,0.016563944530046226,0.018875192604006163,0.022727272727272728,0.02426810477657935,0.031972265023112484,0.04429892141756549,0.053543913713405236,0.05816640986132512,0.0689522342064715,0.07550077041602465,0.0839753466872111,0.08782742681047766,0.08898305084745763,0.09437596302003082,0.09553158705701079,0.10130970724191063,0.09861325115562404,0.10208012326656395,0.10670261941448382,0.10939907550077041,0.11248073959938366,0.11440677966101695,0.11055469953775038
46,0.0,0.0,0.0,0.0018867924528301887,0.0018867924528301887,0.0037735849056603774,0.0037735849056603774,0.005660377358490566,0.005660377358490566,0.005660377358490566,0.005660377358490566,0.009433962264150943,0.009433962264150943,0.009433962264150943,0.01509433962264151,0.024528301886792454,0.035849056603773584,0.03207547169811321,0.02830188679245283,0.035849056603773584,0.035849056603773584,0.03207547169811321,0.03773584905660377,0.033962264150943396,0.03773584905660377,0.03773584905660377,0.03773584905660377,0.045283018867924525,0.04150943396226415
47,0.007849293563579277,0.007849293563579277,0.007849293563579277,0.01020408163265306,0.011773940345368918,0.0141287284144427,0.012558869701726845,0.013343799058084773,0.012558869701726845,0.013343799058084773,0.019623233908948195,0.02119309262166405,0.02119309262166405,0.019623233908948195,0.022762951334379906,0.023547880690737835,0.022762951334379906,0.02197802197802198,0.02433281004709576,0.02433281004709576,0.023547880690737835,0.022762951334379906,0.022762951334379906,0.02197802197802198,0.02119309262166405,0.023547880690737835,0.023547880690737835,0.02511773940345369,0.022762951334379906
48,0.0035842293906810036,0.0035842293906810036,0.0035842293906810036,0.0035842293906810036,0.007168458781362007,0.014336917562724014,0.025089605734767026,0.02867383512544803,0.025089605734767026,0.025089605734767026,0.02867383512544803,0.03225806451612903,0.02867383512544803,0.025089605734767026,0.03225806451612903,0.03225806451612903,0.03225806451612903,0.02867383512544803,0.02867383512544803,0.02867383512544803,0.021505376344086023,0.021505376344086023,0.021505376344086023,0.021505376344086023,0.021505376344086023,0.021505376344086023,0.021505376344086023,0.021505376344086023,0.021505376344086023
49,0.003786683496371095,0.0050489113284947935,0.006942253076680341,0.006942253076680341,0.006942253076680341,0.01451562006942253,0.018302303565793626,0.021142316188071948,0.02492899968444304,0.028715683180814137,0.03376459450930893,0.03692016408961818,0.039444619753865574,0.04544020195645314,0.047333543704638686,0.04544020195645314,0.04796465762070053,0.04954244241085516,0.050804670242978855,0.052066898075102556,0.05490691069738088,0.057431366361628274,0.060271378983906596,0.06121804985799937,0.06405806248027769,0.06942253076680341,0.07005364468286526,0.0732092142631745,0.066898075102556
50,0.00387382401770891,0.003320420586607637,0.006640841173215274,0.008301051466519093,0.010514665190924184,0.011068068622025456,0.011068068622025456,0.01162147205312673,0.012174875484228001,0.014388489208633094,0.01770890979524073,0.020475926950747094,0.02545655783065855,0.02545655783065855,0.029883785279468732,0.03154399557277255,0.0326508024349751,0.03597122302158273,0.04150525733259546,0.0387382401770891,0.036524626452684006,0.03597122302158273,0.039291643608190374,0.043718871057000556,0.039291643608190374,0.03984504703929164,0.040398450470392915,0.04316546762589928,0.042058660763696736
51,0.013123359580052493,0.014623172103487065,0.020247469066366704,0.025121859767529058,0.03449568803899512,0.043869516310461196,0.05436820397450319,0.06749156355455568,0.0746156730408699,0.0817397825271841,0.09523809523809523,0.09748781402324709,0.10086239220097488,0.12148481439820022,0.12335958005249344,0.13685789276340457,0.13310836145481814,0.1439820022497188,0.14660667416572928,0.145856767904012,0.14660667416572928,0.14023247094113236,0.14473190851143608,0.14698162729658792,0.1372328458942632,0.14360704911886013,0.14810648668916385,0.14510686164229472,0.14360704911886013
52,0.0066555740432612314,0.0066555740432612314,0.013311148086522463,0.014975041597337771,0.021630615640599003,0.021630615640599003,0.03993344425956739,0.03826955074875208,0.059900166389351084,0.08153078202995008,0.08818635607321132,0.08818635607321132,0.09151414309484193,0.10815307820299501,0.10981697171381032,0.10981697171381032,0.13643926788685523,0.16472545757071547,0.16472545757071547,0.18136439267886856,0.1913477537437604,0.17803660565723795,0.16139767054908485,0.16638935108153077,0.16472545757071547,0.16472545757071547,0.16638935108153077,0.1713810316139767,0.14309484193011648
53,0.0043859649122807015,0.005482456140350877,0.007675438596491228,0.007675438596491228,0.009868421052631578,0.015350877192982455,0.015350877192982455,0.023026315789473683,0.029605263157894735,0.049342105263157895,0.05043859649122807,0.05921052631578947,0.06140350877192982,0.06030701754385965,0.06140350877192982,0.06578947368421052,0.07236842105263158,0.08223684210526316,0.08114035087719298,0.08333333333333333,0.07785087719298246,0.08114035087719298,0.08223684210526316,0.08114035087719298,0.0712719298245614,0.0756578947368421,0.07456140350877193,0.07785087719298246,0.08552631578947369
54,0.01149739939775527,0.014782370654256775,0.017793594306049824,0.020804817957842867,0.028743498494388176,0.03312346016972351,0.04407336435806187,0.05255954010402409,0.05721324938406789,0.06925814399124007,0.08595674787845606,0.08896797153024912,0.10183410895154667,0.10703531344100739,0.11251026553517657,0.12729263618943334,0.13714754995893785,0.13605255954010403,0.1335888310977279,0.1401587736107309,0.13577881193539557,0.13139885026006023,0.12866137421297563,0.13906378319189708,0.13906378319189708,0.13577881193539557,0.13851628798248014,0.13933753079660552,0.13331508349301943
55,0.01453104359313078,0.046235138705416116,0.0607661822985469,0.07926023778071334,0.07926023778071334,0.11360634081902246,0.12681638044914134,0.14134742404227213,0.15323645970937913,0.1690885072655218,0.17173051519154559,0.17305151915455746,0.1955085865257596,0.18626155878467635,0.21400264200792601,0.202113606340819,0.20343461030383092,0.21003963011889035,0.2073976221928666,0.22324966974900926,0.22192866578599735,0.2166446499339498,0.20871862615587847,0.20343461030383092,0.18890356671070013,0.190224570673712,0.18890356671070013,0.1928665785997358,0.1928665785997358
56,0.012854317732366513,0.013843111404087014,0.016150296638101518,0.02043506921555702,0.025379037574159526,0.022083058668424523,0.022083058668424523,0.022742254449571522,0.02933421226104153,0.02933421226104153,0.030652603823335532,0.032300593276203035,0.03493737640079104,0.038562953197099535,0.04383651944627554,0.045484508899143045,0.04713249835201055,0.04482531311799604,0.044495715227422544,0.048450889914304546,0.047462096242584045,0.05075807514831905,0.048450889914304546,0.04581410678971654,0.04284772577455504,0.043506921555702044,0.043177323665128546,0.04185893210283454,0.03889255108767304
57,0.04216566866267465,0.04840319361277445,0.06412175648702595,0.07135728542914171,0.08283433133732535,0.09755489021956087,0.1309880239520958,0.14146706586826346,0.1601796407185629,0.1724051896207585,0.18637724550898205,0.20184630738522955,0.21731536926147704,0.23627744510978044,0.25474051896207583,0.2569860279441118,0.2559880239520958,0.2564870259481038,0.25399201596806387,0.2522455089820359,0.25449101796407186,0.25,0.25499001996007986,0.2624750499001996,0.25898203592814373,0.2619760479041916,0.26122754491017963,0.2654690618762475,0.26721556886227543
58,0.0,0.0,0.0011173184357541898,0.0011173184357541898,0.0011173184357541898,0.0033519553072625698,0.0033519553072625698,0.0033519553072625698,0.004469273743016759,0.0067039106145251395,0.00782122905027933,0.01005586592178771,0.013407821229050279,0.013407821229050279,0.013407821229050279,0.01675977653631285,0.02346368715083799,0.030167597765363128,0.03798882681564246,0.04022346368715084,0.03798882681564246,0.04022346368715084,0.041340782122905026,0.053631284916201116,0.05921787709497207,0.06256983240223464,0.0670391061452514,0.06480446927374302,0.061452513966480445
59,0.009097931508025063,0.011844476868938289,0.009612908763196292,0.006780533859754527,0.00823963608273968,0.012445283666638057,0.015706806282722512,0.02051326066432066,0.024289760535576344,0.028409578576946187,0.03338769204360141,0.03827997596772809,0.04394472577461162,0.04918032786885246,0.05261350956999399,0.06033816839756244,0.06256973650330444,0.06634623637456012,0.07106686121362973,0.07484336108488542,0.07647412239292764,0.0768174405630418,0.07827654278602696,0.08042228134924041,0.08025062226418334,0.0815380654021114,0.08325465625268218,0.08445626984808172,0.08119474723199725
60,0.04187082405345212,0.04855233853006682,0.054788418708240534,0.06146993318485523,0.06547884187082405,0.0775055679287305,0.08418708240534521,0.0935412026726058,0.09977728285077951,0.10334075723830735,0.1091314031180401,0.11536748329621381,0.12293986636971047,0.12383073496659243,0.13051224944320713,0.15768374164810692,0.15857461024498887,0.15322939866369711,0.15946547884187082,0.16792873051224944,0.18173719376391984,0.1888641425389755,0.1888641425389755,0.1933184855233853,0.1977728285077951,0.20623608017817371,0.20534521158129176,0.20400890868596883,0.21425389755011137
61,0.00338409475465313,0.001692047377326565,0.0025380710659898475,0.00338409475465313,0.00338409475465313,0.005076142131979695,0.00676818950930626,0.009306260575296108,0.011844331641285956,0.012690355329949238,0.016074450084602367,0.021150592216582064,0.023688663282571912,0.031302876480541454,0.04145516074450085,0.049069373942470386,0.04991539763113367,0.0532994923857868,0.05668358714043993,0.05499153976311337,0.05752961082910321,0.05752961082910321,0.06091370558375635,0.06345177664974619,0.05668358714043993,0.06175972927241963,0.06006768189509306,0.06260575296108291,0.06006768189509306
62,0.004000727404982724,0.005455537370430988,0.009092562284051645,0.008001454809965449,0.008910711038370612,0.01182033096926714,0.015457355882887798,0.01873067830514639,0.021640298236042917,0.022004000727404983,0.027095835606473904,0.03055100927441353,0.03473358792507729,0.039098017821422075,0.05000909256228405,0.052736861247499545,0.06237497726859429,0.06601200218221495,0.06601200218221495,0.07110383706128387,0.07837788688852519,0.07892344062556829,0.08310601927623204,0.08110565557374068,0.07892344062556829,0.08001454809965448,0.0812875068194217,0.08419712675031824,0.0856519367157665
63,0.0034129692832764505,0.0030716723549488053,0.0013651877133105802,0.0013651877133105802,0.0013651877133105802,0.002389078498293515,0.005119453924914676,0.005802047781569966,0.007167235494880546,0.009215017064846417,0.011945392491467578,0.0174061433447099,0.020819112627986348,0.020136518771331057,0.02627986348122867,0.025255972696245733,0.024232081911262797,0.02354948805460751,0.027303754266211604,0.028668941979522185,0.02627986348122867,0.025255972696245733,0.024914675767918087,0.024914675767918087,0.024573378839590442,0.025938566552901023,0.027303754266211604,0.02696245733788396,0.024914675767918087
64,0.001787629603146228,0.0032177332856632105,0.002860207365033965,0.003575259206292456,0.005362888809438684,0.006792992491955667,0.008223096174472649,0.01144082946013586,0.013943510904540579,0.01716124419020379,0.01716124419020379,0.018591347872720772,0.01966392563460851,0.025741866285305684,0.02609939220593493,0.026456918126564175,0.027529495888451914,0.02860207365033965,0.027529495888451914,0.03038970325348588,0.028959599570968896,0.031462281015373614,0.03432248838040758,0.03468001430103682,0.032892384697890596,0.03324991061851984,0.032892384697890596,0.032892384697890596,0.03217733285663211
65,0.0,0.002347417840375587,0.002347417840375587,0.005868544600938967,0.007042253521126761,0.008215962441314555,0.007042253521126761,0.008215962441314555,0.017605633802816902,0.01995305164319249,0.02464788732394366,0.029342723004694836,0.03403755868544601,0.03286384976525822,0.045774647887323945,0.04812206572769953,0.046948356807511735,0.05046948356807512,0.06103286384976526,0.06455399061032864,0.06690140845070422,0.07276995305164319,0.07511737089201878,0.07981220657276995,0.08685446009389672,0.09859154929577464,0.09741784037558686,0.09741784037558686,0.09624413145539906
66,0.005294117647058823,0.011176470588235295,0.015294117647058824,0.014705882352941176,0.03529411764705882,0.0488235294117647,0.05352941176470588,0.05764705882352941,0.06647058823529411,0.06588235294117648,0.07235294117647059,0.07411764705882352,0.07235294117647059,0.07176470588235294,0.06529411764705882,0.06588235294117648,0.060588235294117644,0.06294117647058824,0.06,0.061764705882352944,0.05764705882352941,0.05352941176470588,0.051176470588235295,0.04647058823529412,0.04588235294117647,0.04647058823529412,0.04352941176470588,0.03823529411764706,0.03235294117647059
67,0.04634738468329287,0.06665195321121166,0.08077687044802472,0.09269476936658574,0.10218494813506952,0.12028249834473626,0.13705583756345177,0.15228426395939088,0.1604502317369234,0.17369234164643566,0.18406532774222026,0.19510041933348046,0.2012800706245862,0.2125358640476716,0.22180534098433016,0.2288677996027367,0.23482674906201723,0.23261973074376519,0.23791657470757008,0.23791657470757008,0.2390200838666961,0.23769587287574487,0.2405649966894725,0.24409622599867578,0.244316927830501,0.24321341867137497,0.24409622599867578,0.24762745530787905,0.23681306554844406
68,0.12346089850249584,0.1454242928452579,0.16938435940099833,0.17204658901830283,0.1790349417637271,0.21098169717138104,0.2372712146422629,0.26688851913477535,0.292179700499168,0.3204658901830283,0.3174708818635607,0.3324459234608985,0.34176372712146424,0.3464226289517471,0.3603993344425957,0.36772046589018303,0.36605657237936773,0.34076539101497505,0.33910149750415974,0.34608985024958405,0.351414309484193,0.3420965058236273,0.3367720465890183,0.34043261231281197,0.34143094841930116,0.34176372712146424,0.34043261231281197,0.3464226289517471,0.33976705490848585
69,0.0040318064732892825,0.023518871094187477,0.026430731324896404,0.030462537798185686,0.03651024750811961,0.04804569380669728,0.053309441146824954,0.0638369358270803,0.07212453802217493,0.0829880165752044,0.09631537686191063,0.1015791242020383,0.11031470489416507,0.11804233396796954,0.12476201142345167,0.12744988240564453,0.13461753835815882,0.13607346847351326,0.13999328032254452,0.13696942546757757,0.1314816888789338,0.12879381789674096,0.13405756523686863,0.1337215813640945,0.13920931795273828,0.1389853287042222,0.1402172695710606,0.1396572964497704,0.13820136633441596
70,0.023026315789473683,0.023026315789473683,0.04276315789473684,0.04276315789473684,0.04276315789473684,0.04276315789473684,0.06085526315789474,0.07236842105263158,0.10197368421052631,0.11019736842105263,0.10855263157894737,0.10855263157894737,0.10361842105263158,0.11348684210526316,0.1118421052631579,0.12664473684210525,0.13322368421052633,0.13157894736842105,0.13157894736842105,0.1299342105263158,0.13815789473684212,0.14309210526315788,0.14967105263157895,0.14638157894736842,0.14309210526315788,0.13980263157894737,0.13980263157894737,0.15625,0.14638157894736842
71,0.015317286652078774,0.02100656455142232,0.023194748358862146,0.02188183807439825,0.028446389496717725,0.036761487964989056,0.04026258205689278,0.04770240700218818,0.06520787746170678,0.07221006564551423,0.07964989059080962,0.08052516411378556,0.08183807439824946,0.08358862144420132,0.07571115973741795,0.07396061269146609,0.07133479212253829,0.07089715536105033,0.07571115973741795,0.08446389496717724,0.08358862144420132,0.08358862144420132,0.08227571115973742,0.08052516411378556,0.07614879649890591,0.07658643326039387,0.07702407002188184,0.0787746170678337,0.08183807439824946
72,0.0042293233082706765,0.0037593984962406013,0.0037593984962406013,0.0042293233082706765,0.005169172932330827,0.009398496240601503,0.010808270676691729,0.012218045112781954,0.01832706766917293,0.024906015037593984,0.03712406015037594,0.045582706766917294,0.046052631578947366,0.047462406015037595,0.046522556390977444,0.04981203007518797,0.051221804511278196,0.049342105263157895,0.05075187969924812,0.04981203007518797,0.0531015037593985,0.05451127819548872,0.06109022556390977,0.06719924812030076,0.06907894736842106,0.07095864661654136,0.07283834586466166,0.06672932330827068,0.06672932330827068
73,0.004223864836325237,0.005279831045406547,0.00897571277719113,0.009503695881731784,0.011615628299894404,0.013727560718057022,0.014783526927138331,0.02164730728616684,0.027455121436114043,0.032206969376979935,0.03484688489968321,0.04329461457233368,0.04487856388595565,0.05332629355860612,0.05807814149947202,0.06071805702217529,0.05755015839493136,0.06019007391763464,0.06230200633579725,0.06230200633579725,0.06494192185850053,0.06441393875395987,0.06388595564941922,0.06230200633579725,0.056494192185850056,0.057022175290390706,0.05860612460401267,0.05227032734952482,0.050686378035902854
74,0.011850152905198776,0.014143730886850153,0.020642201834862386,0.020642201834862386,0.024464831804281346,0.035168195718654434,0.03555045871559633,0.04434250764525994,0.051605504587155966,0.06192660550458716,0.06804281345565749,0.08103975535168195,0.09250764525993883,0.09403669724770643,0.095565749235474,0.09709480122324159,0.10550458715596331,0.10091743119266056,0.11238532110091744,0.11162079510703364,0.10894495412844037,0.10703363914373089,0.10779816513761468,0.10779816513761468,0.10818042813455657,0.10894495412844037,0.11047400611620795,0.11276758409785932,0.11276758409785932
75,0.024932286964372524,0.031460518091534134,0.039933328703382176,0.04507257448433919,0.05055906660184735,0.06424057226196264,0.07472741162580734,0.08952010556288631,0.1036877560941732,0.11500798666574068,0.13382873810681298,0.1468852003611362,0.15396902562677964,0.16903951663309952,0.18285992082783525,0.1970970206264324,0.20119452739773597,0.2082783526633794,0.21355649697895687,0.216612264740607,0.22008472810611848,0.21904298909646502,0.21911243836377525,0.22091811931384123,0.22355719147162997,0.22564066949093686,0.22682130703521078,0.22786304604486424,0.2228626987985277
76,0.005593884020137983,0.006153272422151781,0.008950214432220773,0.011187768040275966,0.013425321648331158,0.015103486854372553,0.018273354465784077,0.02330785008390826,0.028155882901361177,0.03207160171545777,0.04027596494499348,0.04903971657654298,0.05053141898191311,0.05836285661010628,0.05705761700540742,0.06246503822487414,0.06302442662688794,0.06526198023494313,0.06675368264031326,0.06787245944434085,0.06749953384299832,0.06358381502890173,0.06153272422151781,0.06246503822487414,0.061159798620175274,0.05873578221144882,0.05985455901547641,0.05892224501212008,0.05743054260674995
77,0.007361601884570083,0.014134275618374558,0.02326266195524146,0.026207302709069492,0.03739693757361602,0.04740871613663133,0.04946996466431095,0.0636042402826855,0.07979976442873969,0.09452296819787986,0.11366313309776208,0.12308598351001178,0.13780918727915195,0.15724381625441697,0.16637220259128385,0.18227326266195523,0.2043580683156655,0.1981743227326266,0.20877502944640755,0.2037691401648999,0.21790341578327443,0.21613663133097763,0.22143698468786807,0.23027090694935218,0.23498233215547704,0.23881036513545348,0.24381625441696114,0.24440518256772673,0.24646643109540636
78,0.019257605358638012,0.025676807144850683,0.037957019257605355,0.048562656991348034,0.057493720346078706,0.06307563494278537,0.08233324030142339,0.09210159084566007,0.11554563215182807,0.12615126988557074,0.1431761094055261,0.15601451297795144,0.1657828635221881,0.19704158526374546,0.2274630198157968,0.23360312587217416,0.23946413619871615,0.2548144013396595,0.2536980184203182,0.26876918783142617,0.27686296399665083,0.29025955902874684,0.2888640803795702,0.2908177504884175,0.2947250907061122,0.29667876081495953,0.29863243092380687,0.2941668992464415,0.28607312308121685
79,0.0017196904557179708,0.0025795356835769563,0.004299226139294927,0.004299226139294927,0.006878761822871883,0.006878761822871883,0.007738607050730868,0.009458297506448839,0.012897678417884782,0.013757523645743766,0.014617368873602751,0.019776440240756664,0.021496130696474634,0.024935511607910577,0.028374892519346516,0.024935511607910577,0.02407566638005159,0.02235597592433362,0.024935511607910577,0.02407566638005159,0.027515047291487533,0.028374892519346516,0.030954428202923472,0.03267411865864144,0.03267411865864144,0.03009458297506449,0.030954428202923472,0.03181427343078246,0.028374892519346516
80,0.01886080724254998,0.02791399471897397,0.035835533760844966,0.03847604677480196,0.046774801961523955,0.05167861184458695,0.055450773293096944,0.06110901546586194,0.06374952847981893,0.06676725763862694,0.08110147114296491,0.08600528102602792,0.09090909090909091,0.0958129007921539,0.1018483591097699,0.11014711429649189,0.12410411165597887,0.12523576009053186,0.13164843455299888,0.13730667672576385,0.13240286684270086,0.13315729913240287,0.13806110901546587,0.13542059600150885,0.13278008298755187,0.13127121840814787,0.13617502829121086,0.13881554130516785,0.13504337985665787
81,0.0015232292460015233,0.003808073115003808,0.00456968773800457,0.006092916984006093,0.007616146230007616,0.005331302361005331,0.006092916984006093,0.012185833968012186,0.01827875095201828,0.01904036557501904,0.02284843869002285,0.028941355674028942,0.0297029702970297,0.03427265803503427,0.04036557501904037,0.04493526275704494,0.0456968773800457,0.046458492003046456,0.046458492003046456,0.041888804265041886,0.044173648134044174,0.04341203351104341,0.03884234577303884,0.03427265803503427,0.03198781416603199,0.03351104341203351,0.03427265803503427,0.03351104341203351,0.03198781416603199
82,0.001282051282051282,0.001282051282051282,0.001282051282051282,0.0038461538461538464,0.0038461538461538464,0.002564102564102564,0.0038461538461538464,0.0038461538461538464,0.0038461538461538464,0.005128205128205128,0.005128205128205128,0.005128205128205128,0.008974358974358974,0.010256410256410256,0.014102564102564103,0.015384615384615385,0.017948717948717947,0.017948717948717947,0.020512820512820513,0.023076923076923078,0.023076923076923078,0.02564102564102564,0.02564102564102564,0.02435897435897436,0.023076923076923078,0.023076923076923078,0.023076923076923078,0.023076923076923078,0.02435897435897436
83,0.0059156378600823045,0.006944444444444444,0.009002057613168725,0.0102880658436214,0.01440329218106996,0.01440329218106996,0.018518518518518517,0.023919753086419752,0.026491769547325104,0.029320987654320986,0.03575102880658436,0.040123456790123455,0.04372427983539095,0.046296296296296294,0.04552469135802469,0.05092592592592592,0.05066872427983539,0.05581275720164609,0.061213991769547324,0.06172839506172839,0.05992798353909465,0.06635802469135803,0.06893004115226338,0.0691872427983539,0.07047325102880658,0.06815843621399177,0.07175925925925926,0.08101851851851852,0.0823045267489712
84,0.003987594151528578,0.005316792202038104,0.0057598582188746125,0.008861320336730172,0.00974745237040319,0.011076650420912717,0.011519716437749225,0.014621178555604785,0.015507310589277802,0.01860877270713336,0.01993797075764289,0.021710234824988923,0.027913159060700046,0.02658396101019052,0.031014621178555603,0.03633141338059371,0.034559149313247675,0.034559149313247675,0.03544528134692069,0.038546743464776254,0.03810367744793974,0.03633141338059371,0.03810367744793974,0.0358883473637572,0.033673017279574655,0.035002215330084185,0.03234381922906513,0.03322995126273815,0.030571555161719097
85,0.0005518763796909492,0.0027593818984547464,0.0033112582781456954,0.002207505518763797,0.003863134657836645,0.005518763796909493,0.008278145695364239,0.018211920529801324,0.025386313465783666,0.029801324503311258,0.0358719646799117,0.04028697571743929,0.041390728476821195,0.028145695364238412,0.03090507726269316,0.03145695364238411,0.0358719646799117,0.037527593818984545,0.04083885209713024,0.04249448123620309,0.039735099337748346,0.0358719646799117,0.039183222958057394,0.039735099337748346,0.041390728476821195,0.041390728476821195,0.04359823399558499,0.04359823399558499,0.03863134657836645
86,0.0037776578521316784,0.0037776578521316784,0.0059363194819212085,0.0064759848893685915,0.007015650296815974,0.008094981111710739,0.009174311926605505,0.008094981111710739,0.012951969778737183,0.015110631408526714,0.014031300593631947,0.01834862385321101,0.022126281705342688,0.023205612520237454,0.025364274150026983,0.023745277927684834,0.025364274150026983,0.024284943335132217,0.030221262817053427,0.03291958985429034,0.03184025903939557,0.032379924446842956,0.03184025903939557,0.030221262817053427,0.033998920669185105,0.03615758229897464,0.03831624392876417,0.03669724770642202,0.03615758229897464
87,0.0010214504596527069,0.0030643513789581204,0.003575076608784474,0.0040858018386108275,0.006639427987742594,0.008682328907048007,0.009193054136874362,0.010214504596527068,0.01174668028600613,0.016853932584269662,0.019918283963227784,0.02502553626149132,0.028089887640449437,0.03115423901940756,0.03115423901940756,0.03268641470888662,0.03115423901940756,0.03421859039836568,0.033707865168539325,0.033707865168539325,0.03472931562819203,0.03677221654749745,0.03779366700715015,0.03472931562819203,0.035240040858018386,0.03932584269662921,0.03983656792645557,0.03626149131767109,0.03268641470888662
88,0.02236198462613557,0.026554856743535988,0.03214535290006988,0.03843466107617051,0.04332634521313766,0.045422781271837874,0.053109713487071976,0.07686932215234102,0.07058001397624039,0.0880503144654088,0.10482180293501048,0.12508735150244585,0.13696715583508037,0.17260656883298392,0.17679944095038436,0.18588399720475193,0.17679944095038436,0.17330538085255065,0.1872816212438854,0.18798043326345212,0.17679944095038436,0.17330538085255065,0.1774982529699511,0.19357092941998602,0.18588399720475193,0.1872816212438854,0.18798043326345212,0.18798043326345212,0.1914744933612858
89,0.004559270516717325,0.003799392097264438,0.007598784194528876,0.008358662613981762,0.009878419452887538,0.0121580547112462,0.013677811550151976,0.0243161094224924,0.026595744680851064,0.02811550151975684,0.028875379939209727,0.030395136778115502,0.03951367781155015,0.056990881458966566,0.06458966565349544,0.0737082066869301,0.07674772036474165,0.07750759878419453,0.07674772036474165,0.07826747720364742,0.07142857142857142,0.07218844984802432,0.06914893617021277,0.0668693009118541,0.06458966565349544,0.06382978723404255,0.06306990881458967,0.06914893617021277,0.06534954407294832
90,0.027995520716685332,0.043673012318029114,0.054871220604703244,0.0683090705487122,0.0761478163493841,0.10526315789473684,0.12206047032474804,0.15453527435610304,0.1534154535274356,0.16461366181410975,0.18365061590145576,0.19148936170212766,0.19820828667413215,0.22508398656215006,0.24524076147816348,0.24188129899216126,0.24300111982082867,0.2284434490481523,0.2374020156774916,0.24748040313549832,0.24188129899216126,0.23404255319148937,0.23516237402015677,0.24860022396416573,0.24300111982082867,0.24636058230683092,0.2564389697648376,0.2530795072788354,0.22508398656215006
91,0.01493411420204978,0.024011713030746704,0.03572474377745242,0.044216691068814054,0.05739385065885798,0.07408491947291361,0.08609077598828697,0.1054172767203514,0.12181551976573939,0.13265007320644218,0.15109809663250365,0.15461200585651538,0.17159590043923864,0.1871156661786237,0.20117130307467057,0.22196193265007322,0.24333821376281112,0.26676427525622254,0.2726207906295754,0.27613469985358713,0.28052708638360174,0.3294289897510981,0.3320644216691069,0.346705710102489,0.3531478770131772,0.3601756954612006,0.3604685212298682,0.35636896046852123,0.3423133235724744
92,0.021024410893184704,0.029067306335543955,0.03584027091858332,0.04204882178636941,0.05333709609143502,0.0699873006914068,0.08691971214900522,0.10441653732185692,0.12007901792013546,0.1364470156624806,0.15563708198109213,0.16494990828277128,0.18145900945392973,0.20403555806406096,0.23112741639621842,0.24664879356568364,0.26075913644701565,0.27218851418089457,0.2751516861859743,0.2791025821927473,0.27261182446733456,0.2803725130520672,0.2776915479046141,0.278538168477494,0.2791025821927473,0.28559333991816,0.2829123747707069,0.28305347819952026,0.2799492027656272
93,0.022157996146435453,0.03444123314065511,0.04841040462427745,0.052986512524084775,0.06334296724470134,0.08020231213872832,0.09393063583815028,0.11151252408477842,0.1317437379576108,0.16377649325626203,0.1630539499036609,0.1825626204238921,0.20785163776493257,0.2321772639691715,0.282514450867052,0.2909441233140655,0.3051541425818882,0.3155105973025048,0.3222543352601156,0.3386319845857418,0.351878612716763,0.36103082851637763,0.3793352601156069,0.3846339113680154,0.3899325626204239,0.3945086705202312,0.3899325626204239,0.3884874759152216,0.37909441233140656
94,0.022185851973086014,0.03309692671394799,0.04109838152391344,0.04873613384251682,0.05564648117839607,0.06983087834151663,0.08492453173304237,0.1000181851245681,0.11838516093835243,0.13820694671758502,0.15839243498817968,0.17475904709947263,0.1873067830514639,0.2127659574468085,0.24877250409165302,0.2680487361338425,0.2933260592835061,0.30023640661938533,0.3144208037825059,0.3293326059283506,0.3557010365521004,0.37206764866339337,0.3847972358610656,0.3982542280414621,0.4060738316057465,0.4057101291143844,0.408983451536643,0.408619749045281,0.414257137661393
95,0.02865329512893983,0.04775549188156638,0.061127029608404965,0.07577204711875199,0.08946195479146768,0.11588666029926775,0.12002546959567018,0.14040114613180515,0.1556829035339064,0.16045845272206305,0.16873607131486787,0.18592804839223176,0.20534861509073543,0.22986310092327283,0.23241006049028973,0.2518306271887934,0.2597898758357211,0.2636103151862464,0.265202164915632,0.27061445399554285,0.2757083731295766,0.28462273161413565,0.3011779687997453,0.29003502069404646,0.29162687042343205,0.29258198026106336,0.29544730977395733,0.30595351798790194,0.29990448901623684
971,0.0,0.0,0.0,0.0,0.004583651642475172,0.004583651642475172,0.004583651642475172,0.004583651642475172,0.016042780748663103,0.02215431627196333,0.03361344537815126,0.03361344537815126,0.026737967914438502,0.02826585179526356,0.026737967914438502,0.02826585179526356,0.02750190985485103,0.02750190985485103,0.02750190985485103,0.030557677616501147,0.025974025974025976,0.025210084033613446,0.025210084033613446,0.025210084033613446,0.02826585179526356,0.029029793735676088,0.03132161955691368,0.03132161955691368,0.026737967914438502
972,0.012451361867704281,0.013229571984435798,0.014785992217898832,0.014785992217898832,0.014785992217898832,0.014785992217898832,0.010116731517509728,0.017120622568093387,0.022568093385214007,0.034241245136186774,0.04124513618677043,0.0443579766536965,0.0443579766536965,0.049805447470817124,0.0490272373540856,0.0443579766536965,0.04124513618677043,0.03968871595330739,0.04202334630350195,0.042801556420233464,0.03968871595330739,0.03813229571984436,0.036575875486381325,0.034241245136186774,0.031906614785992216,0.029571984435797664,0.030350194552529183,0.030350194552529183,0.029571984435797664
973,0.0,0.0,0.0,0.0,0.0,0.0,0.0,0.0,0.0,0.0,0.0,0.0,0.0,0.0,0.004721435316336166,0.004721435316336166,0.0066100094428706326,0.0066100094428706326,0.0066100094428706326,0.0066100094428706326,0.0066100094428706326,0.0084985835694051,0.0084985835694051,0.0084985835694051,0.0084985835694051,0.014164305949008499,0.014164305949008499,0.0169971671388102,0.01794145420207743
974,0.0007320644216691069,0.0007320644216691069,0.0007320644216691069,0.0007320644216691069,0.0007320644216691069,0.0007320644216691069,0.0010980966325036604,0.0010980966325036604,0.0010980966325036604,0.0010980966325036604,0.005490483162518302,0.019399707174231333,0.020497803806734993,0.020863836017569547,0.019399707174231333,0.019765739385065886,0.019399707174231333,0.01683748169838946,0.016105417276720352,0.016471449487554905,0.013543191800878478,0.014275256222547585,0.013177159590043924,0.015373352855051245,0.010980966325036604,0.010248901903367497,0.010248901903367497,0.010248901903367497,0.008784773060029283
976,0.0,0.0,0.0,0.0,0.0,0.0,0.0,0.0,0.0,0.0,0.0,0.0,0.0,0.0,0.0,0.022443890274314215,0.04488778054862843,0.03740648379052369,0.04239401496259352,0.0399002493765586,0.0399002493765586,0.03740648379052369,0.0399002493765586,0.04987531172069826,0.04987531172069826,0.05486284289276808,0.05486284289276808,0.03740648379052369,0.04488778054862843
